id,Start,End,Type,Quantity (oz),Quantity (ml or g)
1368,20:03:30 11-04-2021,20:45:21 11-04-2021,Breast,NA,NA
1366,18:00:29 11-04-2021,18:18:29 11-04-2021,Breast,NA,NA
1365,16:27:29 11-04-2021,17:03:26 11-04-2021,Breast,NA,NA
1364,14:30:01 11-04-2021,14:42:05 11-04-2021,Breast,NA,NA
1367,12:48:29 11-04-2021,13:50:29 11-04-2021,Bottle,3,88
1363,10:59:18 11-04-2021,11:15:18 11-04-2021,Bottle,3,88
1362,07:22:45 11-04-2021,07:31:45 11-04-2021,Breast,NA,NA
1361,05:03:15 11-04-2021,05:13:47 11-04-2021,Breast,NA,NA
1360,02:37:57 11-04-2021,02:58:59 11-04-2021,Breast,NA,NA
1358,20:34:26 11-03-2021,20:56:30 11-03-2021,Breast,NA,NA
1359,20:30:29 11-03-2021,21:04:29 11-03-2021,Breast,NA,NA
1357,19:31:24 11-03-2021,19:40:24 11-03-2021,Breast,NA,NA
1356,18:40:07 11-03-2021,19:05:07 11-03-2021,Breast,NA,NA
1355,18:19:05 11-03-2021,18:26:08 11-03-2021,Breast,NA,NA
1354,15:50:17 11-03-2021,16:00:17 11-03-2021,Bottle,3,88
1353,13:50:04 11-03-2021,14:00:04 11-03-2021,Bottle,3,88
1352,11:00:41 11-03-2021,11:10:41 11-03-2021,Bottle,3,88
1351,08:20:30 11-03-2021,08:30:30 11-03-2021,Bottle,3,88
1350,05:30:17 11-03-2021,05:45:17 11-03-2021,Breast,NA,NA
1349,03:13:38 11-03-2021,03:19:34 11-03-2021,Breast,NA,NA
1348,02:53:09 11-03-2021,03:02:09 11-03-2021,Breast,NA,NA
1347,00:52:43 11-03-2021,01:15:43 11-03-2021,Breast,NA,NA
1346,20:39:29 11-02-2021,20:42:58 11-02-2021,Breast,NA,NA
1345,19:57:33 11-02-2021,20:20:20 11-02-2021,Breast,NA,NA
1344,19:17:18 11-02-2021,19:27:27 11-02-2021,Breast,NA,NA
1343,17:38:16 11-02-2021,17:52:26 11-02-2021,Breast,NA,NA
1342,15:56:29 11-02-2021,16:10:29 11-02-2021,Bottle,3,88
1341,12:38:08 11-02-2021,12:50:08 11-02-2021,Bottle,3,88
1340,10:00:58 11-02-2021,10:15:58 11-02-2021,Bottle,3,88
1339,08:15:41 11-02-2021,08:30:41 11-02-2021,Bottle,2,59
1338,07:25:56 11-02-2021,07:28:47 11-02-2021,Breast,NA,NA
1337,06:14:49 11-02-2021,06:35:51 11-02-2021,Breast,NA,NA
1336,01:56:41 11-02-2021,02:06:21 11-02-2021,Breast,NA,NA
1335,00:16:58 11-02-2021,00:25:58 11-02-2021,Breast,NA,NA
1329,20:13:36 11-01-2021,20:25:13 11-01-2021,Breast,NA,NA
1328,16:35:32 11-01-2021,17:01:44 11-01-2021,Breast,NA,NA
1334,15:45:55 11-01-2021,16:00:55 11-01-2021,Bottle,1.5,44
1333,14:57:09 11-01-2021,15:05:09 11-01-2021,Bottle,1.5,44
1332,12:49:43 11-01-2021,13:00:43 11-01-2021,Bottle,2.5,73
1331,10:26:13 11-01-2021,10:41:13 11-01-2021,Bottle,1.5,44
1330,08:15:28 11-01-2021,08:30:28 11-01-2021,Bottle,3,88
1327,06:36:53 11-01-2021,06:39:28 11-01-2021,Breast,NA,NA
1325,04:01:49 11-01-2021,05:30:49 11-01-2021,Breast,NA,NA
1326,00:08:24 11-01-2021,00:23:24 11-01-2021,Breast,NA,NA
1322,20:22:58 10-31-2021,20:31:58 10-31-2021,Breast,NA,NA
1323,20:00:00 10-31-2021,20:12:00 10-31-2021,Breast,NA,NA
1324,17:30:14 10-31-2021,17:46:14 10-31-2021,Breast,NA,NA
1321,16:05:35 10-31-2021,16:23:21 10-31-2021,Breast,NA,NA
1320,12:44:32 10-31-2021,13:03:57 10-31-2021,Breast,NA,NA
1319,10:57:53 10-31-2021,11:10:57 10-31-2021,Breast,NA,NA
1318,09:36:40 10-31-2021,09:40:29 10-31-2021,Breast,NA,NA
1317,08:44:04 10-31-2021,09:00:37 10-31-2021,Breast,NA,NA
1316,08:10:23 10-31-2021,08:31:23 10-31-2021,Breast,NA,NA
1315,05:04:26 10-31-2021,05:30:11 10-31-2021,Breast,NA,NA
1314,02:18:07 10-31-2021,02:35:24 10-31-2021,Breast,NA,NA
1313,00:10:34 10-31-2021,00:20:34 10-31-2021,Breast,NA,NA
1312,21:01:54 10-30-2021,21:28:53 10-30-2021,Breast,NA,NA
1311,19:07:44 10-30-2021,19:16:44 10-30-2021,Breast,NA,NA
1310,16:17:34 10-30-2021,16:31:32 10-30-2021,Breast,NA,NA
1309,12:52:45 10-30-2021,13:01:45 10-30-2021,Breast,NA,NA
1308,11:12:25 10-30-2021,11:19:59 10-30-2021,Breast,NA,NA
1307,08:53:22 10-30-2021,09:00:02 10-30-2021,Breast,NA,NA
1305,05:12:43 10-30-2021,05:21:43 10-30-2021,Breast,NA,NA
1304,01:32:07 10-30-2021,01:50:22 10-30-2021,Breast,NA,NA
1303,20:58:53 10-29-2021,21:12:55 10-29-2021,Breast,NA,NA
1302,18:54:52 10-29-2021,19:03:52 10-29-2021,Breast,NA,NA
1301,17:23:07 10-29-2021,17:27:07 10-29-2021,Breast,NA,NA
1306,15:25:23 10-29-2021,15:30:23 10-29-2021,Bottle,3,88
1300,12:15:25 10-29-2021,12:30:25 10-29-2021,Bottle,3,88
1299,10:47:14 10-29-2021,11:00:14 10-29-2021,Bottle,3,88
1298,08:17:46 10-29-2021,08:35:46 10-29-2021,Bottle,2.5,73
1297,07:34:24 10-29-2021,07:40:49 10-29-2021,Breast,NA,NA
1296,05:53:20 10-29-2021,06:04:20 10-29-2021,Breast,NA,NA
1295,03:14:35 10-29-2021,04:02:58 10-29-2021,Breast,NA,NA
1294,23:34:30 10-28-2021,00:15:30 10-29-2021,Breast,NA,NA
1293,21:20:06 10-28-2021,21:55:06 10-28-2021,Breast,NA,NA
1287,20:18:37 10-28-2021,20:27:24 10-28-2021,Breast,NA,NA
1286,18:25:25 10-28-2021,18:45:25 10-28-2021,Breast,NA,NA
1285,17:38:50 10-28-2021,17:48:10 10-28-2021,Breast,NA,NA
1292,16:16:01 10-28-2021,16:30:01 10-28-2021,Bottle,3,88
1291,14:22:45 10-28-2021,14:30:45 10-28-2021,Bottle,1.5,44
1290,13:10:28 10-28-2021,13:20:28 10-28-2021,Bottle,1.5,44
1289,11:49:10 10-28-2021,12:00:10 10-28-2021,Bottle,3,88
1288,08:46:52 10-28-2021,08:57:52 10-28-2021,Bottle,3,88
1284,07:17:49 10-28-2021,07:56:09 10-28-2021,Breast,NA,NA
1283,06:00:41 10-28-2021,06:10:41 10-28-2021,Breast,NA,NA
1282,04:07:22 10-28-2021,04:22:22 10-28-2021,Breast,NA,NA
1281,22:05:59 10-27-2021,22:17:08 10-27-2021,Breast,NA,NA
1280,20:15:47 10-27-2021,20:25:47 10-27-2021,Breast,NA,NA
1279,19:34:17 10-27-2021,19:54:26 10-27-2021,Breast,NA,NA
1274,17:12:41 10-27-2021,17:21:41 10-27-2021,Breast,NA,NA
1278,16:26:56 10-27-2021,16:35:56 10-27-2021,Bottle,3,88
1277,14:47:37 10-27-2021,14:57:37 10-27-2021,Bottle,3,88
1276,10:56:10 10-27-2021,11:06:10 10-27-2021,Bottle,3,88
1275,08:18:49 10-27-2021,08:29:49 10-27-2021,Bottle,2,59
1273,06:30:49 10-27-2021,06:40:49 10-27-2021,Breast,NA,NA
1272,03:05:01 10-27-2021,03:24:43 10-27-2021,Breast,NA,NA
1271,02:47:47 10-27-2021,02:58:47 10-27-2021,Breast,NA,NA
1267,19:25:11 10-26-2021,19:44:11 10-26-2021,Bottle,2.5,73
1266,18:11:23 10-26-2021,18:22:13 10-26-2021,Breast,NA,NA
1265,17:31:23 10-26-2021,17:53:23 10-26-2021,Breast,NA,NA
1270,14:44:54 10-26-2021,15:22:54 10-26-2021,Bottle,3,88
1269,11:38:55 10-26-2021,11:59:55 10-26-2021,Bottle,2,59
1268,08:28:28 10-26-2021,08:46:28 10-26-2021,Bottle,1.5,44
1264,06:51:24 10-26-2021,07:10:24 10-26-2021,Breast,NA,NA
1263,05:15:16 10-26-2021,05:35:16 10-26-2021,Breast,NA,NA
1262,02:11:52 10-26-2021,02:23:17 10-26-2021,Breast,NA,NA
1261,02:04:20 10-26-2021,02:11:43 10-26-2021,Breast,NA,NA
1260,20:56:10 10-25-2021,21:25:18 10-25-2021,Breast,NA,NA
1259,20:15:21 10-25-2021,20:23:05 10-25-2021,Breast,NA,NA
1253,17:40:56 10-25-2021,17:53:53 10-25-2021,Breast,NA,NA
1258,15:10:39 10-25-2021,15:30:39 10-25-2021,Bottle,3,88
1257,13:39:28 10-25-2021,13:59:28 10-25-2021,Bottle,2,59
1256,10:00:56 10-25-2021,10:20:56 10-25-2021,Bottle,2,59
1255,08:43:23 10-25-2021,08:53:23 10-25-2021,Bottle,1.5,44
1254,07:53:07 10-25-2021,07:57:07 10-25-2021,Bottle,0.5,14
1252,06:04:49 10-25-2021,06:06:12 10-25-2021,Breast,NA,NA
1251,05:54:44 10-25-2021,06:03:44 10-25-2021,Breast,NA,NA
1250,00:54:51 10-25-2021,01:13:18 10-25-2021,Breast,NA,NA
1249,20:50:07 10-24-2021,21:20:24 10-24-2021,Breast,NA,NA
1248,16:54:47 10-24-2021,17:30:54 10-24-2021,Breast,NA,NA
1247,13:18:46 10-24-2021,14:31:17 10-24-2021,Bottle,3,88
1246,12:31:04 10-24-2021,12:35:44 10-24-2021,Breast,NA,NA
1245,10:01:34 10-24-2021,10:20:09 10-24-2021,Breast,NA,NA
1244,03:28:34 10-24-2021,03:54:02 10-24-2021,Breast,NA,NA
1243,00:04:08 10-24-2021,00:27:08 10-24-2021,Breast,NA,NA
1242,21:10:12 10-23-2021,21:41:39 10-23-2021,Breast,NA,NA
1241,19:12:27 10-23-2021,19:19:27 10-23-2021,Breast,NA,NA
1240,18:30:15 10-23-2021,18:50:15 10-23-2021,Breast,NA,NA
1239,16:28:16 10-23-2021,16:30:23 10-23-2021,Breast,NA,NA
1238,15:52:00 10-23-2021,16:05:37 10-23-2021,Breast,NA,NA
1237,14:55:19 10-23-2021,14:56:18 10-23-2021,Bottle,0,0
1236,14:15:53 10-23-2021,14:22:00 10-23-2021,Bottle,0,0
1235,13:03:21 10-23-2021,13:20:58 10-23-2021,Bottle,2.25,66
1234,12:32:13 10-23-2021,12:45:58 10-23-2021,Bottle,1,29
1233,10:18:23 10-23-2021,10:23:38 10-23-2021,Breast,NA,NA
1232,08:40:38 10-23-2021,08:47:38 10-23-2021,Breast,NA,NA
1231,06:15:36 10-23-2021,06:30:36 10-23-2021,Breast,NA,NA
1230,04:00:34 10-23-2021,04:15:34 10-23-2021,Breast,NA,NA
1229,00:00:40 10-23-2021,02:22:42 10-23-2021,Breast,NA,NA
1228,21:04:24 10-22-2021,21:20:23 10-22-2021,Breast,NA,NA
1227,18:50:10 10-22-2021,19:06:32 10-22-2021,Breast,NA,NA
1226,17:53:26 10-22-2021,17:57:26 10-22-2021,Breast,NA,NA
1225,14:26:16 10-22-2021,14:40:16 10-22-2021,Bottle,2.5,73
1224,11:25:04 10-22-2021,11:35:04 10-22-2021,Breast,NA,NA
1223,09:57:42 10-22-2021,10:05:39 10-22-2021,Breast,NA,NA
1222,07:47:07 10-22-2021,08:02:56 10-22-2021,Breast,NA,NA
1221,06:30:53 10-22-2021,06:45:53 10-22-2021,Breast,NA,NA
1220,03:17:44 10-22-2021,03:30:44 10-22-2021,Breast,NA,NA
1219,21:27:00 10-21-2021,22:00:27 10-21-2021,Breast,NA,NA
1218,20:55:46 10-21-2021,21:10:46 10-21-2021,Breast,NA,NA
1213,18:42:17 10-21-2021,18:55:12 10-21-2021,Breast,NA,NA
1212,18:20:44 10-21-2021,18:24:17 10-21-2021,Breast,NA,NA
1211,17:49:02 10-21-2021,18:11:18 10-21-2021,Breast,NA,NA
1217,16:50:12 10-21-2021,19:52:12 10-21-2021,Bottle,1,29
1216,14:55:53 10-21-2021,15:25:53 10-21-2021,Bottle,3,88
1215,11:10:39 10-21-2021,11:20:39 10-21-2021,Bottle,3,88
1214,07:51:16 10-21-2021,08:10:16 10-21-2021,Bottle,1,29
1210,06:24:28 10-21-2021,06:40:23 10-21-2021,Breast,NA,NA
1209,05:08:35 10-21-2021,05:17:22 10-21-2021,Breast,NA,NA
1208,02:46:00 10-21-2021,03:03:25 10-21-2021,Breast,NA,NA
1207,00:13:34 10-21-2021,00:51:34 10-21-2021,Breast,NA,NA
1206,22:40:14 10-20-2021,22:55:14 10-20-2021,Breast,NA,NA
1205,20:03:57 10-20-2021,20:27:31 10-20-2021,Bottle,2,59
1204,20:00:32 10-20-2021,20:03:16 10-20-2021,Breast,NA,NA
1203,19:21:41 10-20-2021,19:42:07 10-20-2021,Breast,NA,NA
1202,18:29:41 10-20-2021,18:36:25 10-20-2021,Breast,NA,NA
1201,17:11:31 10-20-2021,17:21:31 10-20-2021,Breast,NA,NA
1200,16:40:32 10-20-2021,17:11:57 10-20-2021,Breast,NA,NA
1199,14:20:02 10-20-2021,14:50:02 10-20-2021,Bottle,3,88
1198,10:47:36 10-20-2021,11:07:36 10-20-2021,Bottle,3,88
1197,08:20:08 10-20-2021,08:30:08 10-20-2021,Bottle,1.5,44
1196,06:13:34 10-20-2021,06:24:16 10-20-2021,Breast,NA,NA
1195,04:41:38 10-20-2021,04:50:33 10-20-2021,Breast,NA,NA
1192,00:26:06 10-20-2021,00:42:38 10-20-2021,Breast,NA,NA
1191,20:47:36 10-19-2021,21:03:04 10-19-2021,Breast,NA,NA
1190,17:58:24 10-19-2021,18:09:03 10-19-2021,Breast,NA,NA
1187,17:43:11 10-19-2021,17:53:26 10-19-2021,Breast,NA,NA
1189,15:15:17 10-19-2021,15:45:17 10-19-2021,Bottle,3,88
1188,13:00:52 10-19-2021,13:45:52 10-19-2021,Bottle,3,88
1186,11:40:48 10-19-2021,11:45:48 10-19-2021,Bottle,1,29
1185,11:10:23 10-19-2021,11:15:23 10-19-2021,Bottle,2,59
1184,08:54:00 10-19-2021,09:00:00 10-19-2021,Bottle,2,59
1183,07:30:45 10-19-2021,07:40:45 10-19-2021,Bottle,2,59
1182,06:02:40 10-19-2021,06:22:49 10-19-2021,Breast,NA,NA
1181,05:05:50 10-19-2021,05:16:57 10-19-2021,Breast,NA,NA
1180,01:51:24 10-19-2021,02:00:24 10-19-2021,Breast,NA,NA
1179,21:18:07 10-18-2021,21:26:06 10-18-2021,Breast,NA,NA
1178,19:56:26 10-18-2021,20:08:36 10-18-2021,Breast,NA,NA
1177,18:55:28 10-18-2021,19:01:23 10-18-2021,Breast,NA,NA
1176,17:34:18 10-18-2021,17:43:02 10-18-2021,Breast,NA,NA
1175,13:13:04 10-18-2021,13:18:49 10-18-2021,Breast,NA,NA
1174,10:56:29 10-18-2021,11:15:06 10-18-2021,Breast,NA,NA
1173,09:50:11 10-18-2021,10:00:21 10-18-2021,Breast,NA,NA
1171,09:06:46 10-18-2021,09:12:46 10-18-2021,Breast,NA,NA
1170,08:25:58 10-18-2021,08:30:49 10-18-2021,Breast,NA,NA
1169,07:37:16 10-18-2021,07:38:42 10-18-2021,Breast,NA,NA
1168,06:15:50 10-18-2021,06:25:50 10-18-2021,Breast,NA,NA
1167,02:56:19 10-18-2021,03:14:20 10-18-2021,Breast,NA,NA
1166,22:30:01 10-17-2021,23:11:01 10-17-2021,Breast,NA,NA
1164,21:31:38 10-17-2021,21:40:38 10-17-2021,Bottle,2,59
1163,20:00:35 10-17-2021,20:14:23 10-17-2021,Breast,NA,NA
1165,18:40:47 10-17-2021,18:50:47 10-17-2021,Breast,NA,NA
1162,16:33:34 10-17-2021,16:54:59 10-17-2021,Breast,NA,NA
1161,16:20:23 10-17-2021,16:33:25 10-17-2021,Breast,NA,NA
1160,12:01:32 10-17-2021,12:08:30 10-17-2021,Bottle,2,59
1159,10:11:43 10-17-2021,10:15:13 10-17-2021,Breast,NA,NA
1158,10:05:12 10-17-2021,10:11:38 10-17-2021,Breast,NA,NA
1157,08:44:10 10-17-2021,08:53:10 10-17-2021,Breast,NA,NA
1155,06:45:44 10-17-2021,07:17:44 10-17-2021,Breast,NA,NA
1154,04:03:52 10-17-2021,04:14:17 10-17-2021,Breast,NA,NA
1153,01:45:42 10-17-2021,02:08:29 10-17-2021,Breast,NA,NA
1152,22:16:22 10-16-2021,22:53:40 10-16-2021,Breast,NA,NA
1151,21:55:51 10-16-2021,22:08:29 10-16-2021,Breast,NA,NA
1150,20:44:04 10-16-2021,21:13:46 10-16-2021,Breast,NA,NA
1149,20:20:58 10-16-2021,20:44:03 10-16-2021,Breast,NA,NA
1148,19:22:55 10-16-2021,19:36:38 10-16-2021,Breast,NA,NA
1147,18:25:07 10-16-2021,18:30:58 10-16-2021,Breast,NA,NA
1146,14:35:47 10-16-2021,14:57:21 10-16-2021,Breast,NA,NA
1145,13:05:04 10-16-2021,13:21:01 10-16-2021,Breast,NA,NA
1144,12:45:52 10-16-2021,12:52:56 10-16-2021,Breast,NA,NA
1143,11:57:56 10-16-2021,12:12:11 10-16-2021,Breast,NA,NA
1142,10:05:40 10-16-2021,10:08:51 10-16-2021,Breast,NA,NA
1141,08:29:44 10-16-2021,08:42:46 10-16-2021,Breast,NA,NA
1140,07:41:37 10-16-2021,07:50:37 10-16-2021,Breast,NA,NA
1139,03:59:25 10-16-2021,04:04:10 10-16-2021,Breast,NA,NA
1138,00:54:30 10-16-2021,01:02:31 10-16-2021,Breast,NA,NA
1137,00:36:57 10-16-2021,00:45:57 10-16-2021,Breast,NA,NA
1136,20:50:09 10-15-2021,20:54:27 10-15-2021,Breast,NA,NA
1135,20:22:17 10-15-2021,20:26:33 10-15-2021,Breast,NA,NA
1134,19:14:40 10-15-2021,19:18:40 10-15-2021,Breast,NA,NA
1133,18:50:29 10-15-2021,18:52:11 10-15-2021,Breast,NA,NA
1132,15:43:57 10-15-2021,16:19:22 10-15-2021,Breast,NA,NA
1131,14:39:41 10-15-2021,15:03:50 10-15-2021,Breast,NA,NA
1129,11:46:57 10-15-2021,11:52:45 10-15-2021,Breast,NA,NA
1128,10:52:53 10-15-2021,10:54:14 10-15-2021,Breast,NA,NA
1127,10:30:39 10-15-2021,10:40:43 10-15-2021,Breast,NA,NA
1126,09:48:36 10-15-2021,09:57:37 10-15-2021,Breast,NA,NA
1124,07:48:02 10-15-2021,08:00:42 10-15-2021,Breast,NA,NA
1122,07:33:11 10-15-2021,10:16:04 10-15-2021,Breast,NA,NA
1123,07:29:31 10-15-2021,07:47:55 10-15-2021,Breast,NA,NA
1121,05:38:04 10-15-2021,05:47:04 10-15-2021,Breast,NA,NA
1120,02:47:50 10-15-2021,03:05:32 10-15-2021,Breast,NA,NA
1119,01:15:25 10-15-2021,01:30:25 10-15-2021,Breast,NA,NA
1118,22:25:27 10-14-2021,22:40:38 10-14-2021,Breast,NA,NA
1117,18:45:18 10-14-2021,18:53:10 10-14-2021,Breast,NA,NA
1116,14:20:30 10-14-2021,14:50:25 10-14-2021,Bottle,2.25,66
1115,11:36:56 10-14-2021,11:47:58 10-14-2021,Breast,NA,NA
1114,10:54:39 10-14-2021,10:57:10 10-14-2021,Breast,NA,NA
1113,09:42:47 10-14-2021,09:53:36 10-14-2021,Breast,NA,NA
1112,08:26:30 10-14-2021,09:05:39 10-14-2021,Breast,NA,NA
1111,07:15:45 10-14-2021,07:30:45 10-14-2021,Breast,NA,NA
1110,03:06:19 10-14-2021,03:12:07 10-14-2021,Breast,NA,NA
1109,21:55:56 10-13-2021,22:11:30 10-13-2021,Breast,NA,NA
1108,21:05:27 10-13-2021,21:07:41 10-13-2021,Breast,NA,NA
1107,18:21:24 10-13-2021,18:25:24 10-13-2021,Breast,NA,NA
1106,17:52:49 10-13-2021,17:55:49 10-13-2021,Breast,NA,NA
1105,17:33:20 10-13-2021,17:51:55 10-13-2021,Breast,NA,NA
1104,17:19:28 10-13-2021,17:21:59 10-13-2021,Breast,NA,NA
1103,14:04:29 10-13-2021,14:17:18 10-13-2021,Breast,NA,NA
1102,12:48:01 10-13-2021,12:51:36 10-13-2021,Breast,NA,NA
1101,12:37:56 10-13-2021,12:45:56 10-13-2021,Breast,NA,NA
1100,09:36:56 10-13-2021,09:42:06 10-13-2021,Breast,NA,NA
1099,08:10:47 10-13-2021,08:18:20 10-13-2021,Breast,NA,NA
1098,05:18:27 10-13-2021,05:25:31 10-13-2021,Breast,NA,NA
1097,02:30:44 10-13-2021,03:02:44 10-13-2021,Breast,NA,NA
1096,01:40:55 10-13-2021,02:34:55 10-13-2021,Breast,NA,NA
1095,00:39:06 10-13-2021,00:58:55 10-13-2021,Breast,NA,NA
1094,22:14:44 10-12-2021,23:57:44 10-12-2021,Breast,NA,NA
1093,20:34:56 10-12-2021,20:47:04 10-12-2021,Breast,NA,NA
1092,19:20:16 10-12-2021,19:38:14 10-12-2021,Breast,NA,NA
1091,18:45:37 10-12-2021,19:16:11 10-12-2021,Breast,NA,NA
1090,17:49:16 10-12-2021,18:06:20 10-12-2021,Breast,NA,NA
1089,15:42:13 10-12-2021,15:57:41 10-12-2021,Breast,NA,NA
1088,14:14:58 10-12-2021,15:15:18 10-12-2021,Breast,NA,NA
1087,11:30:15 10-12-2021,11:48:12 10-12-2021,Breast,NA,NA
1086,10:15:31 10-12-2021,10:45:56 10-12-2021,Breast,NA,NA
1085,07:52:07 10-12-2021,08:09:00 10-12-2021,Breast,NA,NA
1083,07:41:30 10-12-2021,07:50:30 10-12-2021,Bottle,1,29
1084,05:41:54 10-12-2021,05:59:54 10-12-2021,Breast,NA,NA
1082,04:10:50 10-12-2021,04:19:50 10-12-2021,Breast,NA,NA
1081,01:34:00 10-12-2021,01:48:37 10-12-2021,Breast,NA,NA
1080,21:51:27 10-11-2021,22:00:27 10-11-2021,Bottle,1,29
1079,21:26:15 10-11-2021,21:37:19 10-11-2021,Breast,NA,NA
1078,20:13:20 10-11-2021,20:18:11 10-11-2021,Breast,NA,NA
1077,18:20:46 10-11-2021,18:29:46 10-11-2021,Breast,NA,NA
1076,16:59:08 10-11-2021,17:18:22 10-11-2021,Breast,NA,NA
1075,13:39:53 10-11-2021,13:52:54 10-11-2021,Breast,NA,NA
1074,12:10:54 10-11-2021,12:34:15 10-11-2021,Breast,NA,NA
1073,09:29:24 10-11-2021,09:49:37 10-11-2021,Breast,NA,NA
1072,07:54:31 10-11-2021,08:11:45 10-11-2021,Breast,NA,NA
1071,05:45:22 10-11-2021,06:00:22 10-11-2021,Breast,NA,NA
1070,03:26:53 10-11-2021,03:45:26 10-11-2021,Breast,NA,NA
1069,23:58:20 10-10-2021,00:13:06 10-11-2021,Breast,NA,NA
1068,21:33:46 10-10-2021,21:37:29 10-10-2021,Breast,NA,NA
1067,20:37:30 10-10-2021,20:52:20 10-10-2021,Breast,NA,NA
1066,20:21:06 10-10-2021,20:29:20 10-10-2021,Breast,NA,NA
1065,17:37:12 10-10-2021,17:46:12 10-10-2021,Breast,NA,NA
1063,17:01:37 10-10-2021,17:08:37 10-10-2021,Breast,NA,NA
1062,16:35:50 10-10-2021,16:49:24 10-10-2021,Breast,NA,NA
1061,15:15:02 10-10-2021,15:26:21 10-10-2021,Breast,NA,NA
1060,13:44:42 10-10-2021,13:52:52 10-10-2021,Breast,NA,NA
1059,12:19:33 10-10-2021,12:39:42 10-10-2021,Breast,NA,NA
1058,12:07:16 10-10-2021,12:15:21 10-10-2021,Breast,NA,NA
1057,10:05:11 10-10-2021,10:25:11 10-10-2021,Breast,NA,NA
1056,09:47:28 10-10-2021,09:49:22 10-10-2021,Breast,NA,NA
1055,07:00:36 10-10-2021,07:11:36 10-10-2021,Breast,NA,NA
1054,03:54:25 10-10-2021,04:07:56 10-10-2021,Breast,NA,NA
1053,23:13:10 10-09-2021,23:25:50 10-09-2021,Bottle,0.75,22
1051,21:37:11 10-09-2021,21:46:55 10-09-2021,Bottle,1,29
1052,20:55:47 10-09-2021,21:09:16 10-09-2021,Breast,NA,NA
1050,19:40:09 10-09-2021,19:43:56 10-09-2021,Breast,NA,NA
1049,18:44:44 10-09-2021,19:05:44 10-09-2021,Breast,NA,NA
1048,16:32:42 10-09-2021,16:56:10 10-09-2021,Bottle,2.75,81
1047,14:42:19 10-09-2021,14:46:05 10-09-2021,Breast,NA,NA
1046,13:25:49 10-09-2021,13:38:04 10-09-2021,Breast,NA,NA
1045,12:13:26 10-09-2021,12:15:28 10-09-2021,Breast,NA,NA
1044,11:27:43 10-09-2021,11:36:37 10-09-2021,Bottle,2,59
1043,08:07:09 10-09-2021,08:15:25 10-09-2021,Breast,NA,NA
1042,05:23:43 10-09-2021,05:35:08 10-09-2021,Breast,NA,NA
1041,02:14:50 10-09-2021,02:22:49 10-09-2021,Breast,NA,NA
1040,02:11:36 10-09-2021,02:14:49 10-09-2021,Breast,NA,NA
1039,22:00:28 10-08-2021,22:06:39 10-08-2021,Breast,NA,NA
1038,21:05:28 10-08-2021,21:13:54 10-08-2021,Breast,NA,NA
1037,20:49:47 10-08-2021,20:57:03 10-08-2021,Breast,NA,NA
1036,17:46:42 10-08-2021,17:55:42 10-08-2021,Breast,NA,NA
1034,15:38:39 10-08-2021,15:43:49 10-08-2021,Breast,NA,NA
1033,14:49:23 10-08-2021,14:56:23 10-08-2021,Breast,NA,NA
1032,13:49:18 10-08-2021,13:51:36 10-08-2021,Breast,NA,NA
1031,11:49:08 10-08-2021,12:05:17 10-08-2021,Breast,NA,NA
1030,10:12:02 10-08-2021,10:24:19 10-08-2021,Breast,NA,NA
1029,08:50:04 10-08-2021,08:59:20 10-08-2021,Breast,NA,NA
1028,02:29:28 10-08-2021,02:40:56 10-08-2021,Breast,NA,NA
1027,02:20:49 10-08-2021,02:27:24 10-08-2021,Breast,NA,NA
1026,11:09:44 10-07-2021,11:18:44 10-07-2021,Breast,NA,NA
1025,07:05:48 10-07-2021,07:20:14 10-07-2021,Breast,NA,NA
1024,03:37:13 10-07-2021,04:07:13 10-07-2021,Breast,NA,NA
1023,21:56:15 10-06-2021,22:05:15 10-06-2021,Breast,NA,NA
1022,21:56:08 10-06-2021,22:05:08 10-06-2021,Bottle,1,29
1021,18:30:51 10-06-2021,19:00:51 10-06-2021,Bottle,2,59
1020,17:47:31 10-06-2021,17:53:40 10-06-2021,Breast,NA,NA
1019,16:58:15 10-06-2021,17:10:56 10-06-2021,Breast,NA,NA
1018,12:24:08 10-06-2021,12:35:35 10-06-2021,Bottle,2,59
1017,11:00:38 10-06-2021,11:13:37 10-06-2021,Breast,NA,NA
1016,10:30:19 10-06-2021,10:46:16 10-06-2021,Breast,NA,NA
1015,08:43:29 10-06-2021,08:53:50 10-06-2021,Breast,NA,NA
1014,05:18:49 10-06-2021,05:33:49 10-06-2021,Breast,NA,NA
1013,02:31:32 10-06-2021,02:35:27 10-06-2021,Breast,NA,NA
1012,22:33:24 10-05-2021,22:49:49 10-05-2021,Breast,NA,NA
1011,21:06:10 10-05-2021,21:32:10 10-05-2021,Breast,NA,NA
1010,19:19:51 10-05-2021,19:51:40 10-05-2021,Bottle,2.5,73
1009,18:40:26 10-05-2021,18:50:26 10-05-2021,Bottle,2.5,73
1008,14:15:28 10-05-2021,14:24:28 10-05-2021,Breast,NA,NA
1007,11:54:48 10-05-2021,12:16:01 10-05-2021,Breast,NA,NA
1005,10:41:02 10-05-2021,10:50:02 10-05-2021,Breast,NA,NA
1006,09:30:07 10-05-2021,09:43:07 10-05-2021,Breast,NA,NA
1003,07:05:48 10-05-2021,07:14:48 10-05-2021,Breast,NA,NA
1004,06:08:50 10-05-2021,06:22:50 10-05-2021,Breast,NA,NA
1002,02:50:58 10-05-2021,02:56:43 10-05-2021,Breast,NA,NA
1001,01:44:48 10-05-2021,02:00:45 10-05-2021,Breast,NA,NA
1000,23:17:48 10-04-2021,23:21:10 10-04-2021,Breast,NA,NA
999,22:52:52 10-04-2021,22:58:39 10-04-2021,Breast,NA,NA
998,20:50:46 10-04-2021,20:55:29 10-04-2021,Breast,NA,NA
995,18:44:56 10-04-2021,18:53:56 10-04-2021,Breast,NA,NA
996,17:09:03 10-04-2021,17:23:03 10-04-2021,Breast,NA,NA
997,15:14:16 10-04-2021,15:22:16 10-04-2021,Breast,NA,NA
994,12:46:04 10-04-2021,12:55:04 10-04-2021,Breast,NA,NA
993,11:34:37 10-04-2021,11:42:24 10-04-2021,Breast,NA,NA
992,07:06:30 10-04-2021,07:17:30 10-04-2021,Breast,NA,NA
991,05:55:55 10-04-2021,06:11:55 10-04-2021,Breast,NA,NA
990,03:40:25 10-04-2021,03:55:21 10-04-2021,Breast,NA,NA
989,02:29:24 10-04-2021,02:38:24 10-04-2021,Breast,NA,NA
985,22:38:22 10-03-2021,22:47:22 10-03-2021,Breast,NA,NA
984,21:30:03 10-03-2021,21:40:03 10-03-2021,Breast,NA,NA
988,20:10:25 10-03-2021,20:18:25 10-03-2021,Bottle,2,59
987,19:55:48 10-03-2021,20:02:48 10-03-2021,Breast,NA,NA
983,16:54:31 10-03-2021,17:01:14 10-03-2021,Breast,NA,NA
981,15:51:06 10-03-2021,16:00:06 10-03-2021,Breast,NA,NA
982,14:00:09 10-03-2021,14:04:09 10-03-2021,Breast,NA,NA
980,13:00:54 10-03-2021,13:11:52 10-03-2021,Breast,NA,NA
979,11:16:50 10-03-2021,11:18:50 10-03-2021,Breast,NA,NA
978,09:30:12 10-03-2021,09:40:12 10-03-2021,Bottle,2,59
977,08:00:06 10-03-2021,08:09:06 10-03-2021,Breast,NA,NA
976,06:02:59 10-03-2021,06:19:56 10-03-2021,Breast,NA,NA
975,03:57:54 10-03-2021,04:05:49 10-03-2021,Breast,NA,NA
974,01:53:14 10-03-2021,01:58:31 10-03-2021,Breast,NA,NA
973,19:01:51 10-02-2021,19:10:51 10-02-2021,Breast,NA,NA
972,17:54:53 10-02-2021,18:03:16 10-02-2021,Breast,NA,NA
971,16:49:31 10-02-2021,16:55:28 10-02-2021,Breast,NA,NA
970,15:43:44 10-02-2021,16:00:25 10-02-2021,Breast,NA,NA
969,15:20:46 10-02-2021,15:29:46 10-02-2021,Breast,NA,NA
967,12:27:02 10-02-2021,12:30:02 10-02-2021,Breast,NA,NA
966,11:40:36 10-02-2021,11:47:17 10-02-2021,Breast,NA,NA
965,11:04:43 10-02-2021,11:09:34 10-02-2021,Breast,NA,NA
964,09:48:19 10-02-2021,10:03:13 10-02-2021,Breast,NA,NA
963,06:37:53 10-02-2021,06:46:53 10-02-2021,Breast,NA,NA
962,05:58:17 10-02-2021,06:10:17 10-02-2021,Breast,NA,NA
961,04:03:48 10-02-2021,04:08:49 10-02-2021,Breast,NA,NA
960,01:16:55 10-02-2021,01:39:03 10-02-2021,Breast,NA,NA
959,22:05:31 10-01-2021,22:14:31 10-01-2021,Bottle,2.5,73
958,20:39:50 10-01-2021,20:48:59 10-01-2021,Breast,NA,NA
957,20:20:58 10-01-2021,20:31:00 10-01-2021,Breast,NA,NA
956,19:06:23 10-01-2021,19:12:11 10-01-2021,Breast,NA,NA
955,16:25:39 10-01-2021,16:27:17 10-01-2021,Breast,NA,NA
954,15:30:21 10-01-2021,15:37:19 10-01-2021,Breast,NA,NA
952,14:30:15 10-01-2021,14:40:15 10-01-2021,Bottle,2,59
951,11:52:01 10-01-2021,12:00:14 10-01-2021,Breast,NA,NA
950,11:40:16 10-01-2021,11:44:03 10-01-2021,Breast,NA,NA
949,09:20:39 10-01-2021,09:35:39 10-01-2021,Breast,NA,NA
948,08:21:29 10-01-2021,08:23:42 10-01-2021,Breast,NA,NA
947,07:01:02 10-01-2021,07:17:12 10-01-2021,Breast,NA,NA
946,05:36:41 10-01-2021,06:24:57 10-01-2021,Breast,NA,NA
945,02:20:25 10-01-2021,02:25:50 10-01-2021,Breast,NA,NA
944,22:31:42 09-30-2021,22:35:19 09-30-2021,Breast,NA,NA
943,21:27:16 09-30-2021,21:36:43 09-30-2021,Breast,NA,NA
942,18:25:20 09-30-2021,18:50:20 09-30-2021,Breast,NA,NA
941,17:34:29 09-30-2021,17:40:39 09-30-2021,Breast,NA,NA
940,16:36:53 09-30-2021,16:45:53 09-30-2021,Bottle,1.25,36
939,16:20:43 09-30-2021,16:27:43 09-30-2021,Breast,NA,NA
938,13:41:40 09-30-2021,13:44:52 09-30-2021,Breast,NA,NA
937,13:27:19 09-30-2021,13:28:56 09-30-2021,Breast,NA,NA
936,12:36:52 09-30-2021,12:43:10 09-30-2021,Breast,NA,NA
935,12:02:21 09-30-2021,12:07:38 09-30-2021,Breast,NA,NA
934,11:33:51 09-30-2021,11:42:11 09-30-2021,Breast,NA,NA
933,10:29:49 09-30-2021,10:46:15 09-30-2021,Breast,NA,NA
932,10:13:19 09-30-2021,10:19:27 09-30-2021,Breast,NA,NA
931,07:54:47 09-30-2021,08:20:44 09-30-2021,Bottle,3,88
930,07:10:22 09-30-2021,07:20:11 09-30-2021,Breast,NA,NA
929,05:20:13 09-30-2021,05:35:31 09-30-2021,Breast,NA,NA
928,02:33:13 09-30-2021,02:42:13 09-30-2021,Breast,NA,NA
927,22:11:52 09-29-2021,22:15:17 09-29-2021,Breast,NA,NA
926,20:56:17 09-29-2021,21:00:46 09-29-2021,Breast,NA,NA
925,19:10:09 09-29-2021,19:20:47 09-29-2021,Breast,NA,NA
924,16:59:17 09-29-2021,17:08:33 09-29-2021,Breast,NA,NA
923,16:09:06 09-29-2021,16:18:06 09-29-2021,Breast,NA,NA
922,14:10:55 09-29-2021,14:22:53 09-29-2021,Breast,NA,NA
921,13:48:12 09-29-2021,13:54:41 09-29-2021,Breast,NA,NA
920,12:22:34 09-29-2021,12:38:27 09-29-2021,Breast,NA,NA
919,11:29:03 09-29-2021,11:39:41 09-29-2021,Breast,NA,NA
918,10:18:35 09-29-2021,10:32:40 09-29-2021,Breast,NA,NA
917,09:37:58 09-29-2021,09:43:57 09-29-2021,Breast,NA,NA
916,09:19:43 09-29-2021,09:29:24 09-29-2021,Breast,NA,NA
915,06:53:57 09-29-2021,07:00:07 09-29-2021,Breast,NA,NA
914,04:40:55 09-29-2021,04:50:48 09-29-2021,Breast,NA,NA
913,02:02:04 09-29-2021,02:22:06 09-29-2021,Breast,NA,NA
912,21:08:01 09-28-2021,21:13:47 09-28-2021,Breast,NA,NA
911,20:44:31 09-28-2021,20:51:12 09-28-2021,Breast,NA,NA
910,18:13:24 09-28-2021,18:15:22 09-28-2021,Breast,NA,NA
909,17:38:25 09-28-2021,18:02:20 09-28-2021,Breast,NA,NA
908,16:58:55 09-28-2021,17:06:23 09-28-2021,Breast,NA,NA
907,16:41:37 09-28-2021,16:46:51 09-28-2021,Breast,NA,NA
906,14:58:05 09-28-2021,15:12:20 09-28-2021,Breast,NA,NA
905,13:15:51 09-28-2021,13:25:51 09-28-2021,Breast,NA,NA
904,12:13:16 09-28-2021,12:21:43 09-28-2021,Breast,NA,NA
903,10:56:36 09-28-2021,11:06:47 09-28-2021,Breast,NA,NA
902,09:47:07 09-28-2021,09:53:07 09-28-2021,Breast,NA,NA
901,08:20:59 09-28-2021,08:25:59 09-28-2021,Breast,NA,NA
899,07:23:46 09-28-2021,07:27:17 09-28-2021,Breast,NA,NA
898,06:06:13 09-28-2021,06:20:49 09-28-2021,Breast,NA,NA
897,05:56:34 09-28-2021,06:00:06 09-28-2021,Breast,NA,NA
896,02:26:39 09-28-2021,02:40:33 09-28-2021,Breast,NA,NA
895,02:15:52 09-28-2021,02:24:05 09-28-2021,Breast,NA,NA
894,21:51:36 09-27-2021,22:00:50 09-27-2021,Breast,NA,NA
893,20:44:52 09-27-2021,20:55:51 09-27-2021,Breast,NA,NA
892,20:15:11 09-27-2021,20:24:11 09-27-2021,Breast,NA,NA
891,19:50:30 09-27-2021,20:04:57 09-27-2021,Breast,NA,NA
890,19:14:23 09-27-2021,19:17:25 09-27-2021,Breast,NA,NA
889,19:00:11 09-27-2021,19:10:11 09-27-2021,Breast,NA,NA
888,17:55:06 09-27-2021,18:05:02 09-27-2021,Breast,NA,NA
886,17:38:21 09-27-2021,17:50:42 09-27-2021,Breast,NA,NA
887,17:28:24 09-27-2021,17:37:24 09-27-2021,Bottle,1,29
885,14:18:17 09-27-2021,14:21:09 09-27-2021,Breast,NA,NA
884,14:00:08 09-27-2021,14:10:08 09-27-2021,Breast,NA,NA
883,12:17:11 09-27-2021,12:26:03 09-27-2021,Breast,NA,NA
882,11:50:07 09-27-2021,11:55:09 09-27-2021,Breast,NA,NA
881,10:36:36 09-27-2021,10:45:36 09-27-2021,Breast,NA,NA
880,09:23:39 09-27-2021,09:31:46 09-27-2021,Breast,NA,NA
879,07:33:54 09-27-2021,07:54:20 09-27-2021,Breast,NA,NA
878,06:00:45 09-27-2021,06:15:45 09-27-2021,Breast,NA,NA
877,04:39:56 09-27-2021,04:47:09 09-27-2021,Breast,NA,NA
876,02:05:50 09-27-2021,02:14:50 09-27-2021,Breast,NA,NA
874,21:00:02 09-26-2021,21:32:55 09-26-2021,Breast,NA,NA
873,20:33:04 09-26-2021,20:45:43 09-26-2021,Breast,NA,NA
872,19:50:46 09-26-2021,19:59:46 09-26-2021,Breast,NA,NA
871,19:02:20 09-26-2021,19:15:48 09-26-2021,Breast,NA,NA
870,17:00:39 09-26-2021,17:09:39 09-26-2021,Breast,NA,NA
869,16:06:39 09-26-2021,16:11:24 09-26-2021,Breast,NA,NA
868,15:24:20 09-26-2021,15:29:24 09-26-2021,Breast,NA,NA
867,15:02:04 09-26-2021,15:07:37 09-26-2021,Breast,NA,NA
866,11:39:46 09-26-2021,11:42:46 09-26-2021,Breast,NA,NA
865,09:50:37 09-26-2021,09:53:37 09-26-2021,Breast,NA,NA
864,07:54:54 09-26-2021,08:00:16 09-26-2021,Breast,NA,NA
863,07:40:39 09-26-2021,07:50:34 09-26-2021,Breast,NA,NA
862,03:53:31 09-26-2021,04:00:51 09-26-2021,Breast,NA,NA
860,23:15:22 09-25-2021,23:24:36 09-25-2021,Breast,NA,NA
859,20:25:55 09-25-2021,20:32:47 09-25-2021,Breast,NA,NA
858,19:31:03 09-25-2021,19:42:39 09-25-2021,Breast,NA,NA
857,18:52:08 09-25-2021,19:07:58 09-25-2021,Breast,NA,NA
856,18:09:55 09-25-2021,18:18:55 09-25-2021,Breast,NA,NA
855,17:10:47 09-25-2021,17:15:13 09-25-2021,Breast,NA,NA
854,14:20:15 09-25-2021,14:25:29 09-25-2021,Breast,NA,NA
853,11:38:59 09-25-2021,11:45:29 09-25-2021,Breast,NA,NA
852,10:52:49 09-25-2021,11:06:30 09-25-2021,Breast,NA,NA
851,10:50:40 09-25-2021,10:52:04 09-25-2021,Breast,NA,NA
850,09:26:49 09-25-2021,09:30:31 09-25-2021,Breast,NA,NA
849,08:43:59 09-25-2021,08:48:47 09-25-2021,Breast,NA,NA
848,07:36:47 09-25-2021,07:45:47 09-25-2021,Breast,NA,NA
847,06:44:38 09-25-2021,06:49:05 09-25-2021,Breast,NA,NA
846,06:15:23 09-25-2021,06:21:54 09-25-2021,Breast,NA,NA
845,03:06:53 09-25-2021,03:15:53 09-25-2021,Breast,NA,NA
844,00:02:28 09-25-2021,00:24:28 09-25-2021,Breast,NA,NA
843,21:21:04 09-24-2021,21:22:08 09-24-2021,Breast,NA,NA
842,19:51:55 09-24-2021,20:03:16 09-24-2021,Breast,NA,NA
841,19:05:43 09-24-2021,19:15:43 09-24-2021,Breast,NA,NA
840,18:27:19 09-24-2021,18:35:03 09-24-2021,Breast,NA,NA
839,17:23:54 09-24-2021,17:44:41 09-24-2021,Breast,NA,NA
838,16:57:57 09-24-2021,17:02:29 09-24-2021,Breast,NA,NA
837,13:40:17 09-24-2021,13:43:54 09-24-2021,Breast,NA,NA
836,12:37:20 09-24-2021,12:51:26 09-24-2021,Breast,NA,NA
835,11:37:12 09-24-2021,11:42:40 09-24-2021,Breast,NA,NA
834,08:25:05 09-24-2021,08:35:59 09-24-2021,Breast,NA,NA
833,08:14:23 09-24-2021,08:25:02 09-24-2021,Breast,NA,NA
832,07:46:02 09-24-2021,07:55:02 09-24-2021,Bottle,1,29
831,04:53:26 09-24-2021,04:58:26 09-24-2021,Bottle,1,29
830,04:22:32 09-24-2021,04:32:38 09-24-2021,Breast,NA,NA
829,23:42:57 09-23-2021,23:55:57 09-23-2021,Bottle,2,59
828,22:48:42 09-23-2021,22:51:54 09-23-2021,Breast,NA,NA
827,20:44:59 09-23-2021,20:48:00 09-23-2021,Breast,NA,NA
826,19:29:00 09-23-2021,19:32:11 09-23-2021,Breast,NA,NA
825,17:53:27 09-23-2021,17:59:27 09-23-2021,Breast,NA,NA
824,16:03:06 09-23-2021,16:07:13 09-23-2021,Breast,NA,NA
823,14:45:07 09-23-2021,14:54:07 09-23-2021,Breast,NA,NA
822,13:27:01 09-23-2021,13:33:22 09-23-2021,Breast,NA,NA
821,11:46:34 09-23-2021,11:51:13 09-23-2021,Breast,NA,NA
820,09:48:49 09-23-2021,09:55:45 09-23-2021,Bottle,1,29
819,09:33:13 09-23-2021,09:39:44 09-23-2021,Bottle,0.5,14
818,07:36:39 09-23-2021,07:55:48 09-23-2021,Breast,NA,NA
817,06:01:32 09-23-2021,06:10:32 09-23-2021,Breast,NA,NA
816,03:02:21 09-23-2021,03:24:44 09-23-2021,Breast,NA,NA
815,22:53:23 09-22-2021,23:02:23 09-22-2021,Bottle,2,59
814,22:24:06 09-22-2021,22:30:06 09-22-2021,Breast,NA,NA
813,21:20:54 09-22-2021,21:34:35 09-22-2021,Breast,NA,NA
812,19:17:22 09-22-2021,19:19:37 09-22-2021,Breast,NA,NA
810,18:32:43 09-22-2021,18:43:41 09-22-2021,Breast,NA,NA
809,16:57:45 09-22-2021,17:15:15 09-22-2021,Breast,NA,NA
808,15:05:49 09-22-2021,15:10:35 09-22-2021,Breast,NA,NA
811,12:00:28 09-22-2021,12:10:28 09-22-2021,Bottle,2,59
807,11:17:21 09-22-2021,11:24:54 09-22-2021,Breast,NA,NA
806,09:46:00 09-22-2021,09:55:28 09-22-2021,Breast,NA,NA
805,08:35:04 09-22-2021,08:50:12 09-22-2021,Breast,NA,NA
804,07:36:58 09-22-2021,07:48:30 09-22-2021,Breast,NA,NA
803,06:25:01 09-22-2021,06:35:07 09-22-2021,Breast,NA,NA
802,02:35:04 09-22-2021,02:39:34 09-22-2021,Breast,NA,NA
801,02:24:49 09-22-2021,02:26:59 09-22-2021,Breast,NA,NA
800,21:30:14 09-21-2021,21:36:14 09-21-2021,Breast,NA,NA
799,20:44:46 09-21-2021,20:52:57 09-21-2021,Breast,NA,NA
798,19:56:54 09-21-2021,20:12:23 09-21-2021,Bottle,2.5,73
797,18:51:21 09-21-2021,19:00:28 09-21-2021,Breast,NA,NA
796,18:31:40 09-21-2021,18:42:08 09-21-2021,Breast,NA,NA
795,17:58:34 09-21-2021,18:05:03 09-21-2021,Breast,NA,NA
794,17:24:34 09-21-2021,17:36:45 09-21-2021,Breast,NA,NA
793,17:14:52 09-21-2021,17:24:33 09-21-2021,Breast,NA,NA
791,16:12:05 09-21-2021,16:24:18 09-21-2021,Bottle,1.5,44
792,15:09:56 09-21-2021,15:35:59 09-21-2021,Breast,NA,NA
790,12:38:18 09-21-2021,12:41:55 09-21-2021,Breast,NA,NA
789,11:18:58 09-21-2021,11:31:29 09-21-2021,Breast,NA,NA
788,10:00:35 09-21-2021,10:15:35 09-21-2021,Bottle,2,59
787,09:20:57 09-21-2021,09:29:36 09-21-2021,Breast,NA,NA
786,08:15:14 09-21-2021,08:18:25 09-21-2021,Breast,NA,NA
785,07:22:21 09-21-2021,07:33:37 09-21-2021,Breast,NA,NA
784,04:16:42 09-21-2021,04:21:52 09-21-2021,Breast,NA,NA
783,00:53:23 09-21-2021,00:58:45 09-21-2021,Breast,NA,NA
780,21:40:29 09-20-2021,21:45:01 09-20-2021,Breast,NA,NA
779,20:52:56 09-20-2021,20:57:51 09-20-2021,Breast,NA,NA
781,19:30:30 09-20-2021,19:40:30 09-20-2021,Bottle,2,59
778,16:03:35 09-20-2021,16:04:45 09-20-2021,Breast,NA,NA
777,15:51:30 09-20-2021,16:00:30 09-20-2021,Breast,NA,NA
776,14:47:52 09-20-2021,15:00:50 09-20-2021,Breast,NA,NA
775,13:46:58 09-20-2021,13:50:42 09-20-2021,Breast,NA,NA
782,12:30:57 09-20-2021,12:35:57 09-20-2021,Bottle,1,29
774,10:53:58 09-20-2021,11:10:14 09-20-2021,Breast,NA,NA
773,10:03:42 09-20-2021,10:08:28 09-20-2021,Breast,NA,NA
772,09:25:59 09-20-2021,09:35:58 09-20-2021,Breast,NA,NA
771,07:40:03 09-20-2021,07:51:03 09-20-2021,Breast,NA,NA
770,07:36:56 09-20-2021,07:40:14 09-20-2021,Breast,NA,NA
769,04:34:41 09-20-2021,04:42:53 09-20-2021,Breast,NA,NA
768,01:56:38 09-20-2021,02:01:48 09-20-2021,Breast,NA,NA
767,00:33:56 09-20-2021,00:47:52 09-20-2021,Breast,NA,NA
766,21:18:32 09-19-2021,21:27:02 09-19-2021,Breast,NA,NA
765,19:53:59 09-19-2021,19:58:07 09-19-2021,Breast,NA,NA
764,19:08:59 09-19-2021,19:18:16 09-19-2021,Breast,NA,NA
763,18:27:58 09-19-2021,18:40:48 09-19-2021,Breast,NA,NA
760,17:24:13 09-19-2021,18:17:48 09-19-2021,Bottle,1,29
762,16:36:52 09-19-2021,16:50:52 09-19-2021,Breast,NA,NA
761,15:42:44 09-19-2021,15:55:41 09-19-2021,Breast,NA,NA
759,14:57:15 09-19-2021,15:04:37 09-19-2021,Breast,NA,NA
758,14:52:28 09-19-2021,14:59:10 09-19-2021,Breast,NA,NA
757,14:48:33 09-19-2021,14:57:10 09-19-2021,Bottle,1,29
756,13:13:22 09-19-2021,13:19:14 09-19-2021,Breast,NA,NA
755,12:24:31 09-19-2021,12:33:11 09-19-2021,Breast,NA,NA
754,12:07:38 09-19-2021,12:16:07 09-19-2021,Breast,NA,NA
753,10:45:58 09-19-2021,10:55:04 09-19-2021,Breast,NA,NA
752,09:37:47 09-19-2021,09:43:19 09-19-2021,Breast,NA,NA
751,09:24:01 09-19-2021,09:35:55 09-19-2021,Breast,NA,NA
750,06:51:28 09-19-2021,07:01:16 09-19-2021,Breast,NA,NA
749,06:28:31 09-19-2021,06:39:54 09-19-2021,Breast,NA,NA
748,01:52:48 09-19-2021,01:56:48 09-19-2021,Bottle,1,29
747,01:27:52 09-19-2021,01:31:52 09-19-2021,Breast,NA,NA
746,01:17:51 09-19-2021,01:25:43 09-19-2021,Breast,NA,NA
745,21:00:26 09-18-2021,21:20:26 09-18-2021,Breast,NA,NA
744,20:30:08 09-18-2021,20:40:08 09-18-2021,Bottle,1,29
743,19:53:05 09-18-2021,20:00:44 09-18-2021,Breast,NA,NA
742,19:20:19 09-18-2021,19:26:22 09-18-2021,Breast,NA,NA
740,18:55:26 09-18-2021,18:59:37 09-18-2021,Breast,NA,NA
739,18:43:45 09-18-2021,18:47:10 09-18-2021,Breast,NA,NA
738,17:34:15 09-18-2021,17:53:55 09-18-2021,Bottle,2.5,73
737,17:05:29 09-18-2021,17:09:29 09-18-2021,Breast,NA,NA
736,15:28:48 09-18-2021,15:33:48 09-18-2021,Breast,NA,NA
735,13:56:18 09-18-2021,14:00:22 09-18-2021,Breast,NA,NA
734,12:45:43 09-18-2021,12:54:43 09-18-2021,Bottle,1.5,44
733,10:41:03 09-18-2021,10:48:56 09-18-2021,Breast,NA,NA
732,09:40:30 09-18-2021,09:45:30 09-18-2021,Breast,NA,NA
731,08:36:03 09-18-2021,09:07:25 09-18-2021,Breast,NA,NA
730,07:51:10 09-18-2021,08:03:38 09-18-2021,Breast,NA,NA
729,03:34:03 09-18-2021,03:43:27 09-18-2021,Breast,NA,NA
728,00:05:55 09-18-2021,00:14:55 09-18-2021,Breast,NA,NA
727,20:45:36 09-17-2021,21:00:36 09-17-2021,Bottle,1.5,44
726,20:16:50 09-17-2021,20:39:15 09-17-2021,Breast,NA,NA
725,19:37:13 09-17-2021,19:41:52 09-17-2021,Breast,NA,NA
724,19:29:16 09-17-2021,19:35:33 09-17-2021,Bottle,0.8,23
723,19:16:00 09-17-2021,19:20:51 09-17-2021,Bottle,0.7,20
722,19:09:56 09-17-2021,19:11:16 09-17-2021,Bottle,0.6,17
721,18:18:14 09-17-2021,18:21:32 09-17-2021,Bottle,0.4,11
720,17:19:11 09-17-2021,17:25:45 09-17-2021,Bottle,1.5,44
719,16:12:36 09-17-2021,16:21:36 09-17-2021,Breast,NA,NA
718,15:59:07 09-17-2021,16:04:05 09-17-2021,Breast,NA,NA
717,12:30:18 09-17-2021,12:49:18 09-17-2021,Bottle,2,59
716,12:00:53 09-17-2021,12:09:08 09-17-2021,Breast,NA,NA
715,08:22:09 09-17-2021,08:25:07 09-17-2021,Breast,NA,NA
714,08:06:21 09-17-2021,08:17:21 09-17-2021,Bottle,2,59
713,05:05:45 09-17-2021,05:15:56 09-17-2021,Breast,NA,NA
712,04:48:41 09-17-2021,04:55:15 09-17-2021,Breast,NA,NA
711,03:02:08 09-17-2021,03:07:55 09-17-2021,Breast,NA,NA
710,22:12:55 09-16-2021,22:31:29 09-16-2021,Breast,NA,NA
709,20:08:54 09-16-2021,20:17:54 09-16-2021,Breast,NA,NA
708,19:10:23 09-16-2021,19:15:23 09-16-2021,Breast,NA,NA
706,18:23:43 09-16-2021,18:30:45 09-16-2021,Bottle,1,29
700,16:15:28 09-16-2021,16:30:34 09-16-2021,Bottle,1,29
705,15:38:44 09-16-2021,15:55:07 09-16-2021,Breast,NA,NA
704,15:10:03 09-16-2021,15:25:03 09-16-2021,Breast,NA,NA
701,14:40:43 09-16-2021,14:50:51 09-16-2021,Breast,NA,NA
703,13:15:20 09-16-2021,13:25:21 09-16-2021,Breast,NA,NA
702,13:00:59 09-16-2021,13:05:59 09-16-2021,Breast,NA,NA
699,05:30:37 09-16-2021,05:58:37 09-16-2021,Bottle,2,59
698,05:16:50 09-16-2021,05:28:48 09-16-2021,Breast,NA,NA
697,04:50:37 09-16-2021,04:55:37 09-16-2021,Breast,NA,NA
696,03:22:43 09-16-2021,03:33:29 09-16-2021,Breast,NA,NA
694,02:16:37 09-16-2021,02:45:30 09-16-2021,Breast,NA,NA
695,22:52:52 09-15-2021,23:05:52 09-15-2021,Bottle,1.5,44
693,21:46:35 09-15-2021,22:00:31 09-15-2021,Breast,NA,NA
692,21:13:52 09-15-2021,21:25:10 09-15-2021,Breast,NA,NA
691,19:55:40 09-15-2021,20:10:40 09-15-2021,Breast,NA,NA
690,19:44:06 09-15-2021,19:51:45 09-15-2021,Breast,NA,NA
689,16:05:27 09-15-2021,16:18:53 09-15-2021,Breast,NA,NA
687,11:57:28 09-15-2021,12:04:05 09-15-2021,Breast,NA,NA
688,11:51:34 09-15-2021,11:55:34 09-15-2021,Bottle,1,29
686,09:56:35 09-15-2021,10:05:11 09-15-2021,Breast,NA,NA
685,07:42:03 09-15-2021,07:48:50 09-15-2021,Breast,NA,NA
684,07:20:07 09-15-2021,07:29:07 09-15-2021,Breast,NA,NA
683,07:04:33 09-15-2021,07:11:33 09-15-2021,Breast,NA,NA
682,03:19:15 09-15-2021,03:26:00 09-15-2021,Breast,NA,NA
681,01:22:34 09-15-2021,02:10:42 09-15-2021,Breast,NA,NA
680,22:45:08 09-14-2021,23:01:06 09-14-2021,Bottle,1,29
679,21:50:20 09-14-2021,21:59:20 09-14-2021,Bottle,1,29
678,21:16:55 09-14-2021,21:23:14 09-14-2021,Breast,NA,NA
677,21:01:56 09-14-2021,21:10:47 09-14-2021,Breast,NA,NA
676,19:25:50 09-14-2021,19:32:11 09-14-2021,Breast,NA,NA
675,17:00:45 09-14-2021,17:05:45 09-14-2021,Bottle,1,29
674,16:03:40 09-14-2021,16:17:20 09-14-2021,Breast,NA,NA
673,13:58:29 09-14-2021,14:13:31 09-14-2021,Breast,NA,NA
672,13:51:45 09-14-2021,13:53:45 09-14-2021,Breast,NA,NA
671,13:10:48 09-14-2021,13:19:48 09-14-2021,Breast,NA,NA
670,10:20:24 09-14-2021,10:30:24 09-14-2021,Bottle,2,59
669,08:06:09 09-14-2021,08:10:09 09-14-2021,Breast,NA,NA
668,06:19:41 09-14-2021,06:23:12 09-14-2021,Breast,NA,NA
667,06:06:01 09-14-2021,06:17:07 09-14-2021,Breast,NA,NA
666,03:07:59 09-14-2021,03:17:58 09-14-2021,Breast,NA,NA
663,22:27:47 09-13-2021,22:34:55 09-13-2021,Breast,NA,NA
662,19:23:38 09-13-2021,19:31:12 09-13-2021,Breast,NA,NA
661,17:35:40 09-13-2021,17:45:48 09-13-2021,Breast,NA,NA
665,16:46:37 09-13-2021,16:55:37 09-13-2021,Bottle,1,29
660,15:48:06 09-13-2021,16:27:13 09-13-2021,Breast,NA,NA
659,15:40:31 09-13-2021,15:47:35 09-13-2021,Breast,NA,NA
658,11:40:53 09-13-2021,11:49:53 09-13-2021,Bottle,0.33,9
657,11:07:47 09-13-2021,11:19:43 09-13-2021,Breast,NA,NA
656,10:42:18 09-13-2021,10:42:56 09-13-2021,Breast,NA,NA
655,09:06:04 09-13-2021,09:10:36 09-13-2021,Breast,NA,NA
654,08:55:15 09-13-2021,09:00:15 09-13-2021,Breast,NA,NA
652,06:35:51 09-13-2021,06:50:29 09-13-2021,Breast,NA,NA
653,06:00:35 09-13-2021,06:05:35 09-13-2021,Bottle,1,29
651,04:04:49 09-13-2021,04:10:52 09-13-2021,Breast,NA,NA
650,03:19:53 09-13-2021,03:38:04 09-13-2021,Breast,NA,NA
649,23:32:25 09-12-2021,23:55:33 09-12-2021,Breast,NA,NA
648,23:08:09 09-12-2021,23:18:49 09-12-2021,Breast,NA,NA
647,22:50:34 09-12-2021,22:52:47 09-12-2021,Breast,NA,NA
646,22:24:03 09-12-2021,22:29:47 09-12-2021,Breast,NA,NA
645,21:44:07 09-12-2021,21:59:42 09-12-2021,Breast,NA,NA
644,19:24:20 09-12-2021,19:34:25 09-12-2021,Breast,NA,NA
643,19:02:54 09-12-2021,19:17:57 09-12-2021,Breast,NA,NA
642,15:16:57 09-12-2021,15:19:13 09-12-2021,Breast,NA,NA
641,14:09:30 09-12-2021,14:21:16 09-12-2021,Breast,NA,NA
640,13:31:40 09-12-2021,14:05:52 09-12-2021,Breast,NA,NA
639,11:47:53 09-12-2021,12:00:51 09-12-2021,Breast,NA,NA
638,10:57:31 09-12-2021,11:09:05 09-12-2021,Breast,NA,NA
637,10:08:17 09-12-2021,10:19:56 09-12-2021,Breast,NA,NA
636,08:00:50 09-12-2021,08:15:38 09-12-2021,Breast,NA,NA
635,05:14:07 09-12-2021,05:17:39 09-12-2021,Breast,NA,NA
634,04:50:05 09-12-2021,05:05:23 09-12-2021,Breast,NA,NA
633,03:09:32 09-12-2021,04:19:03 09-12-2021,Breast,NA,NA
632,02:08:08 09-12-2021,02:22:19 09-12-2021,Breast,NA,NA
631,00:37:54 09-12-2021,01:01:07 09-12-2021,Breast,NA,NA
630,00:10:33 09-12-2021,00:37:53 09-12-2021,Breast,NA,NA
629,22:05:01 09-11-2021,22:21:38 09-11-2021,Breast,NA,NA
627,20:05:17 09-11-2021,20:15:45 09-11-2021,Breast,NA,NA
626,18:02:24 09-11-2021,18:15:21 09-11-2021,Breast,NA,NA
625,17:20:00 09-11-2021,17:32:44 09-11-2021,Breast,NA,NA
624,16:13:15 09-11-2021,16:25:01 09-11-2021,Breast,NA,NA
623,14:04:36 09-11-2021,15:12:41 09-11-2021,Breast,NA,NA
622,13:14:02 09-11-2021,13:36:14 09-11-2021,Breast,NA,NA
621,11:41:00 09-11-2021,12:02:29 09-11-2021,Breast,NA,NA
619,10:46:13 09-11-2021,10:53:07 09-11-2021,Breast,NA,NA
618,07:50:41 09-11-2021,08:22:43 09-11-2021,Breast,NA,NA
617,06:02:38 09-11-2021,06:05:43 09-11-2021,Breast,NA,NA
616,04:20:51 09-11-2021,05:00:50 09-11-2021,Breast,NA,NA
615,03:06:02 09-11-2021,04:05:39 09-11-2021,Breast,NA,NA
613,22:04:44 09-10-2021,22:11:16 09-10-2021,Breast,NA,NA
612,20:59:56 09-10-2021,21:14:19 09-10-2021,Breast,NA,NA
611,18:55:05 09-10-2021,19:12:43 09-10-2021,Breast,NA,NA
610,17:30:15 09-10-2021,17:38:34 09-10-2021,Breast,NA,NA
609,16:51:16 09-10-2021,17:04:05 09-10-2021,Breast,NA,NA
608,15:03:16 09-10-2021,15:21:33 09-10-2021,Breast,NA,NA
607,12:11:16 09-10-2021,12:29:58 09-10-2021,Breast,NA,NA
614,11:49:10 09-10-2021,11:58:10 09-10-2021,Breast,NA,NA
606,10:18:25 09-10-2021,10:39:35 09-10-2021,Breast,NA,NA
605,09:25:10 09-10-2021,09:34:10 09-10-2021,Breast,NA,NA
604,07:23:00 09-10-2021,07:32:09 09-10-2021,Breast,NA,NA
603,04:52:29 09-10-2021,05:30:28 09-10-2021,Breast,NA,NA
602,01:58:00 09-10-2021,02:14:01 09-10-2021,Breast,NA,NA
601,22:30:20 09-09-2021,22:36:48 09-09-2021,Breast,NA,NA
600,20:52:24 09-09-2021,21:01:24 09-09-2021,Breast,NA,NA
599,20:21:21 09-09-2021,20:27:55 09-09-2021,Breast,NA,NA
598,19:47:58 09-09-2021,20:05:00 09-09-2021,Breast,NA,NA
597,17:14:56 09-09-2021,17:23:56 09-09-2021,Breast,NA,NA
596,14:49:11 09-09-2021,15:05:12 09-09-2021,Breast,NA,NA
595,14:36:46 09-09-2021,14:42:55 09-09-2021,Breast,NA,NA
594,13:48:45 09-09-2021,14:00:04 09-09-2021,Bottle,1,29
593,12:07:10 09-09-2021,12:23:58 09-09-2021,Bottle,1.5,44
592,10:29:38 09-09-2021,10:36:57 09-09-2021,Breast,NA,NA
591,09:17:02 09-09-2021,09:40:25 09-09-2021,Breast,NA,NA
590,08:22:25 09-09-2021,08:32:52 09-09-2021,Breast,NA,NA
589,05:33:02 09-09-2021,05:52:22 09-09-2021,Breast,NA,NA
588,05:25:45 09-09-2021,05:33:01 09-09-2021,Breast,NA,NA
586,02:04:57 09-09-2021,02:40:32 09-09-2021,Breast,NA,NA
585,22:53:49 09-08-2021,23:10:17 09-08-2021,Breast,NA,NA
584,22:00:05 09-08-2021,22:16:21 09-08-2021,Breast,NA,NA
583,21:17:22 09-08-2021,21:31:47 09-08-2021,Breast,NA,NA
582,19:28:22 09-08-2021,19:48:22 09-08-2021,Breast,NA,NA
581,17:35:16 09-08-2021,17:54:20 09-08-2021,Breast,NA,NA
580,15:40:27 09-08-2021,16:06:17 09-08-2021,Breast,NA,NA
579,14:52:04 09-08-2021,15:03:22 09-08-2021,Breast,NA,NA
578,14:28:33 09-08-2021,14:38:47 09-08-2021,Breast,NA,NA
577,10:58:43 09-08-2021,11:07:54 09-08-2021,Breast,NA,NA
576,10:44:43 09-08-2021,10:57:50 09-08-2021,Breast,NA,NA
574,08:02:15 09-08-2021,08:15:03 09-08-2021,Breast,NA,NA
573,05:52:43 09-08-2021,07:02:13 09-08-2021,Breast,NA,NA
572,04:25:51 09-08-2021,04:30:51 09-08-2021,Breast,NA,NA
571,04:05:04 09-08-2021,04:11:56 09-08-2021,Breast,NA,NA
570,03:20:47 09-08-2021,03:29:47 09-08-2021,Breast,NA,NA
569,01:11:29 09-08-2021,01:17:05 09-08-2021,Breast,NA,NA
568,21:40:20 09-07-2021,21:52:20 09-07-2021,Breast,NA,NA
567,19:23:42 09-07-2021,19:32:05 09-07-2021,Breast,NA,NA
566,17:26:35 09-07-2021,17:34:22 09-07-2021,Breast,NA,NA
565,17:10:40 09-07-2021,17:14:33 09-07-2021,Breast,NA,NA
564,15:42:38 09-07-2021,15:47:38 09-07-2021,Breast,NA,NA
563,15:02:44 09-07-2021,15:08:44 09-07-2021,Breast,NA,NA
562,14:29:36 09-07-2021,14:37:15 09-07-2021,Breast,NA,NA
561,13:52:14 09-07-2021,13:59:48 09-07-2021,Bottle,1.75,51
560,10:56:01 09-07-2021,11:39:04 09-07-2021,Breast,NA,NA
559,09:25:18 09-07-2021,09:34:46 09-07-2021,Breast,NA,NA
558,07:55:18 09-07-2021,08:05:22 09-07-2021,Breast,NA,NA
557,06:16:03 09-07-2021,06:22:03 09-07-2021,Breast,NA,NA
556,03:24:14 09-07-2021,03:33:50 09-07-2021,Breast,NA,NA
555,23:43:32 09-06-2021,23:54:12 09-06-2021,Breast,NA,NA
554,23:01:07 09-06-2021,23:07:14 09-06-2021,Breast,NA,NA
553,20:55:15 09-06-2021,21:13:27 09-06-2021,Breast,NA,NA
552,20:38:11 09-06-2021,20:53:59 09-06-2021,Breast,NA,NA
551,19:11:54 09-06-2021,19:17:40 09-06-2021,Breast,NA,NA
550,17:39:41 09-06-2021,17:46:53 09-06-2021,Breast,NA,NA
549,17:00:16 09-06-2021,17:09:02 09-06-2021,Breast,NA,NA
548,16:40:31 09-06-2021,16:55:20 09-06-2021,Breast,NA,NA
547,15:22:33 09-06-2021,15:50:52 09-06-2021,Breast,NA,NA
546,14:58:41 09-06-2021,15:04:14 09-06-2021,Breast,NA,NA
545,14:41:48 09-06-2021,14:53:12 09-06-2021,Breast,NA,NA
544,12:10:12 09-06-2021,12:21:42 09-06-2021,Breast,NA,NA
543,10:06:40 09-06-2021,10:17:23 09-06-2021,Breast,NA,NA
542,08:14:02 09-06-2021,08:47:33 09-06-2021,Breast,NA,NA
541,05:57:17 09-06-2021,06:07:08 09-06-2021,Breast,NA,NA
540,02:30:03 09-06-2021,02:35:52 09-06-2021,Breast,NA,NA
539,01:30:40 09-06-2021,01:40:40 09-06-2021,Breast,NA,NA
538,22:41:57 09-05-2021,23:00:46 09-05-2021,Breast,NA,NA
537,22:32:29 09-05-2021,22:41:52 09-05-2021,Breast,NA,NA
536,20:57:20 09-05-2021,21:08:05 09-05-2021,Breast,NA,NA
535,20:42:37 09-05-2021,20:57:13 09-05-2021,Breast,NA,NA
534,20:06:37 09-05-2021,20:14:13 09-05-2021,Breast,NA,NA
533,19:51:41 09-05-2021,19:59:05 09-05-2021,Breast,NA,NA
532,17:32:17 09-05-2021,17:38:10 09-05-2021,Breast,NA,NA
531,17:00:30 09-05-2021,17:09:46 09-05-2021,Breast,NA,NA
530,16:30:48 09-05-2021,16:49:50 09-05-2021,Breast,NA,NA
529,14:02:48 09-05-2021,14:14:13 09-05-2021,Breast,NA,NA
528,12:18:33 09-05-2021,12:22:34 09-05-2021,Breast,NA,NA
527,10:45:40 09-05-2021,11:01:10 09-05-2021,Breast,NA,NA
526,10:18:09 09-05-2021,10:23:42 09-05-2021,Breast,NA,NA
525,09:06:30 09-05-2021,09:16:49 09-05-2021,Breast,NA,NA
524,08:46:37 09-05-2021,09:06:29 09-05-2021,Breast,NA,NA
522,05:15:41 09-05-2021,05:33:41 09-05-2021,Breast,NA,NA
523,03:05:07 09-05-2021,03:15:07 09-05-2021,Breast,NA,NA
521,01:55:35 09-05-2021,02:25:10 09-05-2021,Breast,NA,NA
520,01:04:58 09-05-2021,01:25:44 09-05-2021,Breast,NA,NA
519,21:17:40 09-04-2021,21:46:00 09-04-2021,Breast,NA,NA
518,19:10:21 09-04-2021,19:22:27 09-04-2021,Breast,NA,NA
517,17:35:12 09-04-2021,17:55:03 09-04-2021,Breast,NA,NA
516,15:11:21 09-04-2021,15:25:15 09-04-2021,Breast,NA,NA
515,14:25:30 09-04-2021,15:00:08 09-04-2021,Breast,NA,NA
514,11:02:59 09-04-2021,11:18:16 09-04-2021,Breast,NA,NA
513,10:32:16 09-04-2021,10:46:51 09-04-2021,Breast,NA,NA
512,10:03:53 09-04-2021,10:12:53 09-04-2021,Breast,NA,NA
511,08:08:58 09-04-2021,08:25:39 09-04-2021,Breast,NA,NA
510,05:40:02 09-04-2021,05:53:10 09-04-2021,Breast,NA,NA
509,02:52:33 09-04-2021,03:15:51 09-04-2021,Breast,NA,NA
508,00:24:43 09-04-2021,00:45:08 09-04-2021,Breast,NA,NA
507,22:27:52 09-03-2021,22:50:41 09-03-2021,Breast,NA,NA
506,20:26:48 09-03-2021,20:35:26 09-03-2021,Breast,NA,NA
505,19:59:40 09-03-2021,20:05:00 09-03-2021,Breast,NA,NA
504,18:40:39 09-03-2021,18:52:07 09-03-2021,Breast,NA,NA
503,17:45:26 09-03-2021,17:53:52 09-03-2021,Breast,NA,NA
502,16:47:28 09-03-2021,17:00:18 09-03-2021,Breast,NA,NA
501,15:19:30 09-03-2021,15:44:07 09-03-2021,Breast,NA,NA
500,13:30:06 09-03-2021,13:40:06 09-03-2021,Bottle,1.5,44
499,12:18:31 09-03-2021,12:30:51 09-03-2021,Breast,NA,NA
498,11:13:05 09-03-2021,11:29:25 09-03-2021,Breast,NA,NA
497,09:53:36 09-03-2021,10:01:43 09-03-2021,Breast,NA,NA
496,07:27:03 09-03-2021,07:36:54 09-03-2021,Breast,NA,NA
495,04:51:03 09-03-2021,05:05:10 09-03-2021,Breast,NA,NA
494,01:45:23 09-03-2021,02:03:24 09-03-2021,Breast,NA,NA
493,01:24:36 09-03-2021,01:37:13 09-03-2021,Breast,NA,NA
492,22:02:43 09-02-2021,22:17:46 09-02-2021,Breast,NA,NA
491,22:01:20 09-02-2021,22:02:37 09-02-2021,Breast,NA,NA
490,20:15:09 09-02-2021,20:40:46 09-02-2021,Breast,NA,NA
489,18:15:57 09-02-2021,18:20:22 09-02-2021,Breast,NA,NA
488,16:20:50 09-02-2021,16:29:50 09-02-2021,Breast,NA,NA
487,15:30:25 09-02-2021,15:35:25 09-02-2021,Breast,NA,NA
486,14:36:38 09-02-2021,15:12:31 09-02-2021,Breast,NA,NA
484,13:28:17 09-02-2021,13:36:03 09-02-2021,Bottle,1.25,36
485,11:03:30 09-02-2021,11:11:17 09-02-2021,Breast,NA,NA
483,10:43:21 09-02-2021,10:52:16 09-02-2021,Breast,NA,NA
482,09:59:31 09-02-2021,10:08:06 09-02-2021,Breast,NA,NA
481,07:33:46 09-02-2021,07:42:46 09-02-2021,Breast,NA,NA
480,07:09:02 09-02-2021,07:18:02 09-02-2021,Breast,NA,NA
479,05:28:05 09-02-2021,05:51:58 09-02-2021,Breast,NA,NA
478,05:18:01 09-02-2021,05:27:01 09-02-2021,Breast,NA,NA
477,03:34:00 09-02-2021,03:55:46 09-02-2021,Breast,NA,NA
476,22:32:19 09-01-2021,22:51:19 09-01-2021,Breast,NA,NA
475,21:54:44 09-01-2021,22:01:57 09-01-2021,Breast,NA,NA
474,20:50:35 09-01-2021,21:10:59 09-01-2021,Breast,NA,NA
473,20:23:39 09-01-2021,20:40:16 09-01-2021,Breast,NA,NA
472,19:00:19 09-01-2021,19:17:02 09-01-2021,Breast,NA,NA
471,17:19:54 09-01-2021,17:28:43 09-01-2021,Breast,NA,NA
470,16:30:13 09-01-2021,16:39:34 09-01-2021,Breast,NA,NA
469,13:49:13 09-01-2021,14:15:57 09-01-2021,Breast,NA,NA
468,11:57:17 09-01-2021,12:13:03 09-01-2021,Breast,NA,NA
467,11:44:32 09-01-2021,11:55:48 09-01-2021,Breast,NA,NA
466,10:51:25 09-01-2021,11:11:35 09-01-2021,Breast,NA,NA
465,08:40:26 09-01-2021,08:43:33 09-01-2021,Breast,NA,NA
464,07:36:21 09-01-2021,07:42:41 09-01-2021,Breast,NA,NA
463,06:52:51 09-01-2021,07:02:51 09-01-2021,Breast,NA,NA
462,03:50:26 09-01-2021,04:28:26 09-01-2021,Breast,NA,NA
461,01:15:59 09-01-2021,01:40:59 09-01-2021,Breast,NA,NA
460,22:00:06 08-31-2021,22:10:06 08-31-2021,Bottle,1,29
459,21:24:55 08-31-2021,21:33:09 08-31-2021,Breast,NA,NA
458,21:18:53 08-31-2021,21:24:54 08-31-2021,Breast,NA,NA
457,19:04:39 08-31-2021,19:22:52 08-31-2021,Breast,NA,NA
456,16:03:01 08-31-2021,16:22:18 08-31-2021,Breast,NA,NA
454,15:11:41 08-31-2021,15:21:10 08-31-2021,Breast,NA,NA
453,11:57:31 08-31-2021,12:10:35 08-31-2021,Bottle,1.75,51
452,11:02:43 08-31-2021,11:17:34 08-31-2021,Breast,NA,NA
451,10:39:19 08-31-2021,10:53:30 08-31-2021,Breast,NA,NA
449,09:43:27 08-31-2021,09:50:43 08-31-2021,Breast,NA,NA
448,09:23:54 08-31-2021,09:30:10 08-31-2021,Breast,NA,NA
455,05:09:30 08-31-2021,05:20:30 08-31-2021,Breast,NA,NA
450,04:00:28 08-31-2021,05:30:28 08-31-2021,Breast,NA,NA
447,03:59:07 08-31-2021,04:15:46 08-31-2021,Breast,NA,NA
446,03:00:19 08-31-2021,03:15:33 08-31-2021,Breast,NA,NA
445,23:06:04 08-30-2021,23:15:04 08-30-2021,Breast,NA,NA
444,22:26:54 08-30-2021,22:38:13 08-30-2021,Breast,NA,NA
443,21:58:50 08-30-2021,22:14:46 08-30-2021,Breast,NA,NA
442,20:21:19 08-30-2021,20:28:36 08-30-2021,Breast,NA,NA
441,20:01:42 08-30-2021,20:11:59 08-30-2021,Breast,NA,NA
440,17:35:47 08-30-2021,17:45:25 08-30-2021,Breast,NA,NA
439,15:41:19 08-30-2021,15:57:58 08-30-2021,Breast,NA,NA
438,14:59:34 08-30-2021,15:05:46 08-30-2021,Breast,NA,NA
437,12:59:49 08-30-2021,13:09:17 08-30-2021,Breast,NA,NA
436,12:36:07 08-30-2021,12:41:01 08-30-2021,Breast,NA,NA
435,11:43:33 08-30-2021,11:50:55 08-30-2021,Breast,NA,NA
434,11:10:26 08-30-2021,11:17:39 08-30-2021,Breast,NA,NA
433,10:41:15 08-30-2021,10:52:43 08-30-2021,Breast,NA,NA
432,08:53:55 08-30-2021,09:11:40 08-30-2021,Breast,NA,NA
431,07:32:45 08-30-2021,07:34:26 08-30-2021,Breast,NA,NA
430,06:20:53 08-30-2021,06:25:54 08-30-2021,Breast,NA,NA
429,05:59:14 08-30-2021,06:15:06 08-30-2021,Breast,NA,NA
428,03:23:31 08-30-2021,03:43:52 08-30-2021,Breast,NA,NA
427,22:54:20 08-29-2021,23:08:49 08-29-2021,Breast,NA,NA
426,22:22:08 08-29-2021,22:45:45 08-29-2021,Breast,NA,NA
425,21:51:51 08-29-2021,21:58:55 08-29-2021,Breast,NA,NA
424,20:19:30 08-29-2021,20:27:04 08-29-2021,Breast,NA,NA
423,20:00:06 08-29-2021,20:15:23 08-29-2021,Breast,NA,NA
422,19:41:54 08-29-2021,19:50:50 08-29-2021,Breast,NA,NA
421,16:50:47 08-29-2021,17:03:04 08-29-2021,Breast,NA,NA
420,16:27:56 08-29-2021,16:37:46 08-29-2021,Breast,NA,NA
419,15:26:27 08-29-2021,15:33:22 08-29-2021,Breast,NA,NA
418,14:38:50 08-29-2021,14:42:30 08-29-2021,Breast,NA,NA
417,13:54:12 08-29-2021,14:11:15 08-29-2021,Breast,NA,NA
416,11:32:32 08-29-2021,11:41:10 08-29-2021,Breast,NA,NA
415,11:17:33 08-29-2021,11:32:32 08-29-2021,Breast,NA,NA
414,09:18:49 08-29-2021,09:27:35 08-29-2021,Breast,NA,NA
413,08:13:17 08-29-2021,08:30:47 08-29-2021,Breast,NA,NA
411,05:36:03 08-29-2021,05:55:38 08-29-2021,Breast,NA,NA
410,05:25:08 08-29-2021,05:29:36 08-29-2021,Breast,NA,NA
409,02:30:04 08-29-2021,02:44:04 08-29-2021,Breast,NA,NA
408,02:01:52 08-29-2021,02:14:11 08-29-2021,Breast,NA,NA
407,23:41:30 08-28-2021,23:52:29 08-28-2021,Breast,NA,NA
406,21:07:06 08-28-2021,21:21:24 08-28-2021,Breast,NA,NA
405,20:05:15 08-28-2021,20:09:55 08-28-2021,Breast,NA,NA
404,19:28:09 08-28-2021,19:40:47 08-28-2021,Breast,NA,NA
403,19:12:47 08-28-2021,19:21:13 08-28-2021,Breast,NA,NA
402,16:32:23 08-28-2021,16:47:30 08-28-2021,Breast,NA,NA
401,15:11:00 08-28-2021,15:18:36 08-28-2021,Breast,NA,NA
400,14:44:04 08-28-2021,14:59:24 08-28-2021,Breast,NA,NA
399,11:51:54 08-28-2021,12:07:12 08-28-2021,Breast,NA,NA
398,11:28:36 08-28-2021,11:41:39 08-28-2021,Breast,NA,NA
397,09:05:08 08-28-2021,09:07:38 08-28-2021,Breast,NA,NA
396,08:22:09 08-28-2021,08:27:57 08-28-2021,Breast,NA,NA
395,07:59:06 08-28-2021,08:06:38 08-28-2021,Breast,NA,NA
394,07:52:12 08-28-2021,07:57:00 08-28-2021,Breast,NA,NA
393,04:54:41 08-28-2021,05:02:53 08-28-2021,Breast,NA,NA
392,04:28:28 08-28-2021,04:35:47 08-28-2021,Breast,NA,NA
391,01:45:20 08-28-2021,01:52:53 08-28-2021,Breast,NA,NA
390,22:25:50 08-27-2021,22:29:49 08-27-2021,Breast,NA,NA
389,22:16:45 08-27-2021,22:22:51 08-27-2021,Breast,NA,NA
388,22:01:44 08-27-2021,22:11:06 08-27-2021,Bottle,1.5,44
387,20:30:57 08-27-2021,20:59:57 08-27-2021,Breast,NA,NA
386,19:36:27 08-27-2021,19:56:42 08-27-2021,Breast,NA,NA
385,19:12:47 08-27-2021,19:21:55 08-27-2021,Breast,NA,NA
384,18:05:15 08-27-2021,18:06:33 08-27-2021,Breast,NA,NA
383,17:03:13 08-27-2021,17:17:27 08-27-2021,Breast,NA,NA
382,16:20:59 08-27-2021,16:40:59 08-27-2021,Breast,NA,NA
381,14:46:01 08-27-2021,15:04:52 08-27-2021,Breast,NA,NA
380,14:15:15 08-27-2021,14:19:45 08-27-2021,Breast,NA,NA
379,12:17:17 08-27-2021,12:24:01 08-27-2021,Breast,NA,NA
378,10:00:20 08-27-2021,10:13:20 08-27-2021,Breast,NA,NA
377,07:24:14 08-27-2021,07:38:31 08-27-2021,Breast,NA,NA
376,06:45:13 08-27-2021,06:55:25 08-27-2021,Breast,NA,NA
375,05:48:44 08-27-2021,06:16:25 08-27-2021,Breast,NA,NA
373,03:27:08 08-27-2021,03:33:37 08-27-2021,Breast,NA,NA
372,02:34:44 08-27-2021,02:48:13 08-27-2021,Breast,NA,NA
371,02:28:36 08-27-2021,02:33:39 08-27-2021,Breast,NA,NA
370,00:40:14 08-27-2021,01:33:13 08-27-2021,Breast,NA,NA
369,21:33:38 08-26-2021,21:57:10 08-26-2021,Breast,NA,NA
368,21:06:09 08-26-2021,21:18:01 08-26-2021,Breast,NA,NA
367,20:34:20 08-26-2021,20:45:21 08-26-2021,Breast,NA,NA
366,19:11:40 08-26-2021,19:37:23 08-26-2021,Breast,NA,NA
365,17:34:00 08-26-2021,18:11:29 08-26-2021,Breast,NA,NA
364,14:46:07 08-26-2021,14:50:40 08-26-2021,Breast,NA,NA
363,14:42:21 08-26-2021,14:46:01 08-26-2021,Breast,NA,NA
362,14:19:50 08-26-2021,14:33:44 08-26-2021,Breast,NA,NA
361,11:34:30 08-26-2021,11:38:32 08-26-2021,Breast,NA,NA
360,11:06:07 08-26-2021,11:25:29 08-26-2021,Breast,NA,NA
359,09:20:15 08-26-2021,09:53:01 08-26-2021,Breast,NA,NA
358,08:58:44 08-26-2021,09:06:58 08-26-2021,Breast,NA,NA
357,08:17:31 08-26-2021,08:25:11 08-26-2021,Breast,NA,NA
356,05:30:18 08-26-2021,05:30:55 08-26-2021,Breast,NA,NA
355,05:23:29 08-26-2021,05:30:17 08-26-2021,Breast,NA,NA
354,02:40:42 08-26-2021,03:01:27 08-26-2021,Breast,NA,NA
353,00:14:05 08-26-2021,01:20:07 08-26-2021,Breast,NA,NA
352,22:44:00 08-25-2021,22:53:00 08-25-2021,Breast,NA,NA
351,22:17:23 08-25-2021,22:25:45 08-25-2021,Breast,NA,NA
350,22:07:14 08-25-2021,22:16:14 08-25-2021,Breast,NA,NA
349,19:52:33 08-25-2021,19:56:33 08-25-2021,Breast,NA,NA
348,19:44:53 08-25-2021,19:51:20 08-25-2021,Breast,NA,NA
347,16:48:19 08-25-2021,16:58:43 08-25-2021,Breast,NA,NA
346,15:47:49 08-25-2021,15:55:28 08-25-2021,Breast,NA,NA
345,15:25:40 08-25-2021,15:47:48 08-25-2021,Breast,NA,NA
344,11:36:51 08-25-2021,11:40:51 08-25-2021,Breast,NA,NA
343,11:00:01 08-25-2021,11:04:09 08-25-2021,Breast,NA,NA
342,10:28:28 08-25-2021,10:34:54 08-25-2021,Breast,NA,NA
341,09:39:35 08-25-2021,09:47:32 08-25-2021,Breast,NA,NA
340,08:55:43 08-25-2021,09:05:07 08-25-2021,Breast,NA,NA
338,07:30:06 08-25-2021,07:43:28 08-25-2021,Breast,NA,NA
339,07:23:06 08-25-2021,07:30:08 08-25-2021,Bottle,0.5,14
337,07:05:00 08-25-2021,07:14:02 08-25-2021,Bottle,1,29
336,04:44:24 08-25-2021,05:04:54 08-25-2021,Breast,NA,NA
335,03:02:12 08-25-2021,03:14:03 08-25-2021,Breast,NA,NA
334,23:48:21 08-24-2021,23:53:57 08-24-2021,Breast,NA,NA
333,21:30:29 08-24-2021,21:50:48 08-24-2021,Breast,NA,NA
332,21:24:18 08-24-2021,21:29:18 08-24-2021,Breast,NA,NA
331,20:49:06 08-24-2021,20:54:40 08-24-2021,Breast,NA,NA
330,20:34:24 08-24-2021,20:46:01 08-24-2021,Breast,NA,NA
329,18:58:16 08-24-2021,19:07:55 08-24-2021,Breast,NA,NA
328,18:25:24 08-24-2021,18:44:15 08-24-2021,Breast,NA,NA
327,14:54:57 08-24-2021,15:12:43 08-24-2021,Breast,NA,NA
326,11:27:03 08-24-2021,11:35:07 08-24-2021,Breast,NA,NA
325,11:05:06 08-24-2021,11:19:06 08-24-2021,Breast,NA,NA
324,10:51:57 08-24-2021,11:00:31 08-24-2021,Breast,NA,NA
323,09:07:54 08-24-2021,09:22:34 08-24-2021,Breast,NA,NA
322,07:49:22 08-24-2021,08:06:30 08-24-2021,Breast,NA,NA
321,04:45:24 08-24-2021,05:14:05 08-24-2021,Breast,NA,NA
320,01:39:44 08-24-2021,01:43:46 08-24-2021,Breast,NA,NA
319,01:29:50 08-24-2021,01:36:54 08-24-2021,Breast,NA,NA
318,22:39:13 08-23-2021,22:48:00 08-23-2021,Breast,NA,NA
317,20:52:15 08-23-2021,20:54:23 08-23-2021,Breast,NA,NA
316,20:35:03 08-23-2021,20:40:03 08-23-2021,Breast,NA,NA
315,19:00:16 08-23-2021,19:11:27 08-23-2021,Breast,NA,NA
314,16:48:41 08-23-2021,16:51:01 08-23-2021,Breast,NA,NA
313,16:31:01 08-23-2021,16:39:41 08-23-2021,Breast,NA,NA
312,14:23:45 08-23-2021,14:37:12 08-23-2021,Breast,NA,NA
311,13:42:54 08-23-2021,13:50:34 08-23-2021,Breast,NA,NA
310,13:34:32 08-23-2021,13:40:11 08-23-2021,Breast,NA,NA
309,13:12:56 08-23-2021,13:15:53 08-23-2021,Breast,NA,NA
308,11:24:20 08-23-2021,11:28:05 08-23-2021,Breast,NA,NA
307,11:02:50 08-23-2021,11:11:38 08-23-2021,Breast,NA,NA
306,10:42:22 08-23-2021,10:45:55 08-23-2021,Breast,NA,NA
305,08:31:41 08-23-2021,08:57:16 08-23-2021,Breast,NA,NA
304,04:28:23 08-23-2021,04:33:25 08-23-2021,Breast,NA,NA
303,03:36:33 08-23-2021,03:58:33 08-23-2021,Breast,NA,NA
302,00:38:12 08-23-2021,00:45:00 08-23-2021,Breast,NA,NA
301,00:21:18 08-23-2021,00:27:33 08-23-2021,Breast,NA,NA
300,22:25:24 08-22-2021,22:32:35 08-22-2021,Breast,NA,NA
299,21:25:15 08-22-2021,21:35:37 08-22-2021,Breast,NA,NA
298,19:39:39 08-22-2021,19:43:40 08-22-2021,Breast,NA,NA
297,19:02:16 08-22-2021,19:10:24 08-22-2021,Breast,NA,NA
296,16:07:10 08-22-2021,16:20:43 08-22-2021,Breast,NA,NA
295,15:18:52 08-22-2021,15:28:03 08-22-2021,Breast,NA,NA
294,12:14:20 08-22-2021,12:30:06 08-22-2021,Breast,NA,NA
293,11:19:01 08-22-2021,11:28:27 08-22-2021,Breast,NA,NA
292,10:44:36 08-22-2021,10:49:48 08-22-2021,Breast,NA,NA
291,10:21:03 08-22-2021,10:44:32 08-22-2021,Breast,NA,NA
290,10:03:21 08-22-2021,10:07:21 08-22-2021,Breast,NA,NA
288,07:18:39 08-22-2021,07:29:25 08-22-2021,Breast,NA,NA
289,06:30:27 08-22-2021,06:45:27 08-22-2021,Breast,NA,NA
287,04:06:17 08-22-2021,04:16:38 08-22-2021,Breast,NA,NA
286,03:26:10 08-22-2021,03:32:18 08-22-2021,Breast,NA,NA
285,23:01:19 08-21-2021,23:06:20 08-21-2021,Breast,NA,NA
284,22:49:56 08-21-2021,22:58:27 08-21-2021,Breast,NA,NA
283,20:29:04 08-21-2021,20:38:04 08-21-2021,Bottle,1.5,44
282,20:05:52 08-21-2021,20:17:09 08-21-2021,Breast,NA,NA
281,19:03:50 08-21-2021,19:17:44 08-21-2021,Breast,NA,NA
280,15:52:39 08-21-2021,16:01:24 08-21-2021,Breast,NA,NA
279,15:47:36 08-21-2021,15:50:20 08-21-2021,Breast,NA,NA
278,12:31:36 08-21-2021,12:36:15 08-21-2021,Breast,NA,NA
277,12:05:22 08-21-2021,12:11:01 08-21-2021,Breast,NA,NA
276,10:54:48 08-21-2021,11:15:36 08-21-2021,Breast,NA,NA
275,08:28:55 08-21-2021,08:32:22 08-21-2021,Breast,NA,NA
274,07:52:51 08-21-2021,07:58:58 08-21-2021,Breast,NA,NA
273,06:05:22 08-21-2021,06:17:06 08-21-2021,Breast,NA,NA
272,04:24:06 08-21-2021,04:29:58 08-21-2021,Breast,NA,NA
271,03:53:54 08-21-2021,04:02:52 08-21-2021,Breast,NA,NA
270,03:35:25 08-21-2021,03:40:42 08-21-2021,Breast,NA,NA
267,22:16:10 08-20-2021,22:24:40 08-20-2021,Breast,NA,NA
266,22:02:32 08-20-2021,22:14:30 08-20-2021,Breast,NA,NA
268,20:00:51 08-20-2021,20:15:51 08-20-2021,Bottle,1.5,44
265,19:27:36 08-20-2021,19:38:58 08-20-2021,Breast,NA,NA
264,19:06:58 08-20-2021,19:19:35 08-20-2021,Breast,NA,NA
263,15:28:07 08-20-2021,15:52:18 08-20-2021,Breast,NA,NA
262,14:41:40 08-20-2021,14:58:51 08-20-2021,Breast,NA,NA
261,14:35:09 08-20-2021,14:40:21 08-20-2021,Breast,NA,NA
260,12:40:02 08-20-2021,12:52:34 08-20-2021,Breast,NA,NA
259,10:48:55 08-20-2021,10:57:45 08-20-2021,Breast,NA,NA
258,09:55:59 08-20-2021,09:59:22 08-20-2021,Breast,NA,NA
257,08:42:12 08-20-2021,09:00:04 08-20-2021,Breast,NA,NA
256,05:54:35 08-20-2021,05:56:25 08-20-2021,Breast,NA,NA
255,05:17:57 08-20-2021,05:30:44 08-20-2021,Breast,NA,NA
254,04:54:04 08-20-2021,05:07:37 08-20-2021,Breast,NA,NA
253,01:46:31 08-20-2021,01:50:31 08-20-2021,Breast,NA,NA
252,23:27:55 08-19-2021,23:48:30 08-19-2021,Breast,NA,NA
251,23:05:45 08-19-2021,23:16:12 08-19-2021,Breast,NA,NA
250,21:37:02 08-19-2021,21:46:35 08-19-2021,Breast,NA,NA
249,20:35:30 08-19-2021,20:43:45 08-19-2021,Breast,NA,NA
248,17:37:53 08-19-2021,17:53:55 08-19-2021,Breast,NA,NA
247,16:07:58 08-19-2021,16:22:46 08-19-2021,Breast,NA,NA
246,14:17:15 08-19-2021,14:24:03 08-19-2021,Breast,NA,NA
245,12:15:43 08-19-2021,12:31:36 08-19-2021,Breast,NA,NA
244,11:33:22 08-19-2021,11:42:57 08-19-2021,Bottle,1.5,44
243,10:51:32 08-19-2021,10:55:46 08-19-2021,Bottle,1.5,44
242,09:16:06 08-19-2021,09:20:38 08-19-2021,Breast,NA,NA
241,08:46:52 08-19-2021,08:58:47 08-19-2021,Breast,NA,NA
240,08:23:31 08-19-2021,08:29:05 08-19-2021,Breast,NA,NA
239,07:42:47 08-19-2021,07:48:47 08-19-2021,Breast,NA,NA
238,04:04:18 08-19-2021,04:15:45 08-19-2021,Breast,NA,NA
237,03:42:44 08-19-2021,03:51:34 08-19-2021,Breast,NA,NA
236,01:18:43 08-19-2021,01:35:33 08-19-2021,Breast,NA,NA
235,23:32:45 08-18-2021,23:50:22 08-18-2021,Bottle,1.5,44
234,23:16:07 08-18-2021,23:32:32 08-18-2021,Breast,NA,NA
233,22:29:57 08-18-2021,22:40:03 08-18-2021,Breast,NA,NA
232,22:08:31 08-18-2021,22:20:22 08-18-2021,Breast,NA,NA
231,21:36:43 08-18-2021,21:43:55 08-18-2021,Breast,NA,NA
230,20:40:49 08-18-2021,20:45:34 08-18-2021,Breast,NA,NA
229,19:02:27 08-18-2021,19:15:49 08-18-2021,Breast,NA,NA
228,18:20:13 08-18-2021,18:33:20 08-18-2021,Breast,NA,NA
227,16:03:43 08-18-2021,16:16:54 08-18-2021,Breast,NA,NA
226,14:51:58 08-18-2021,15:02:05 08-18-2021,Breast,NA,NA
225,14:10:21 08-18-2021,14:23:55 08-18-2021,Breast,NA,NA
224,11:59:36 08-18-2021,12:32:16 08-18-2021,Breast,NA,NA
223,11:36:11 08-18-2021,11:49:27 08-18-2021,Breast,NA,NA
222,10:56:33 08-18-2021,11:05:48 08-18-2021,Breast,NA,NA
221,10:48:59 08-18-2021,10:52:29 08-18-2021,Breast,NA,NA
220,08:58:33 08-18-2021,09:08:25 08-18-2021,Breast,NA,NA
219,06:47:02 08-18-2021,06:53:51 08-18-2021,Breast,NA,NA
218,06:34:29 08-18-2021,06:41:13 08-18-2021,Breast,NA,NA
217,06:12:43 08-18-2021,06:17:48 08-18-2021,Breast,NA,NA
216,02:29:38 08-18-2021,02:33:24 08-18-2021,Breast,NA,NA
215,01:39:50 08-18-2021,01:43:17 08-18-2021,Breast,NA,NA
214,01:21:11 08-18-2021,01:32:49 08-18-2021,Breast,NA,NA
213,23:47:26 08-17-2021,23:53:29 08-17-2021,Breast,NA,NA
212,22:59:20 08-17-2021,23:10:24 08-17-2021,Breast,NA,NA
211,20:36:35 08-17-2021,20:41:43 08-17-2021,Breast,NA,NA
210,19:43:28 08-17-2021,19:49:56 08-17-2021,Breast,NA,NA
209,19:27:28 08-17-2021,19:36:12 08-17-2021,Breast,NA,NA
208,16:18:56 08-17-2021,16:36:33 08-17-2021,Breast,NA,NA
207,15:09:22 08-17-2021,15:18:22 08-17-2021,Breast,NA,NA
206,13:18:56 08-17-2021,14:02:38 08-17-2021,Breast,NA,NA
205,12:55:24 08-17-2021,13:01:24 08-17-2021,Breast,NA,NA
204,12:37:42 08-17-2021,12:43:43 08-17-2021,Breast,NA,NA
203,12:07:03 08-17-2021,12:18:59 08-17-2021,Breast,NA,NA
202,10:11:38 08-17-2021,10:17:45 08-17-2021,Breast,NA,NA
201,09:47:55 08-17-2021,09:51:52 08-17-2021,Breast,NA,NA
200,07:42:08 08-17-2021,07:44:54 08-17-2021,Breast,NA,NA
199,07:02:13 08-17-2021,07:10:15 08-17-2021,Breast,NA,NA
198,04:03:21 08-17-2021,04:09:24 08-17-2021,Breast,NA,NA
197,03:19:41 08-17-2021,03:34:06 08-17-2021,Breast,NA,NA
196,23:47:50 08-16-2021,23:56:50 08-16-2021,Breast,NA,NA
195,22:00:40 08-16-2021,22:12:22 08-16-2021,Breast,NA,NA
194,20:15:05 08-16-2021,20:25:05 08-16-2021,Breast,NA,NA
193,18:00:22 08-16-2021,18:11:20 08-16-2021,Breast,NA,NA
192,14:50:44 08-16-2021,14:59:44 08-16-2021,Breast,NA,NA
191,13:59:53 08-16-2021,14:05:10 08-16-2021,Breast,NA,NA
190,12:16:30 08-16-2021,12:26:29 08-16-2021,Breast,NA,NA
189,11:44:06 08-16-2021,11:50:53 08-16-2021,Breast,NA,NA
188,11:20:35 08-16-2021,11:33:08 08-16-2021,Breast,NA,NA
187,09:18:08 08-16-2021,09:23:23 08-16-2021,Breast,NA,NA
186,08:56:39 08-16-2021,09:05:45 08-16-2021,Breast,NA,NA
185,06:02:29 08-16-2021,06:12:38 08-16-2021,Breast,NA,NA
183,03:13:54 08-16-2021,03:25:49 08-16-2021,Breast,NA,NA
182,03:01:21 08-16-2021,03:13:50 08-16-2021,Breast,NA,NA
181,00:28:37 08-16-2021,00:36:01 08-16-2021,Bottle,0.5,14
180,00:17:39 08-16-2021,00:21:57 08-16-2021,Bottle,0.5,14
179,00:08:00 08-16-2021,00:12:19 08-16-2021,Bottle,0.5,14
184,23:46:56 08-15-2021,23:59:02 08-15-2021,Breast,NA,NA
178,20:44:50 08-15-2021,20:51:11 08-15-2021,Breast,NA,NA
177,19:04:20 08-15-2021,19:08:36 08-15-2021,Breast,NA,NA
176,18:34:37 08-15-2021,18:41:47 08-15-2021,Breast,NA,NA
175,15:42:07 08-15-2021,16:00:56 08-15-2021,Breast,NA,NA
174,15:13:51 08-15-2021,15:20:12 08-15-2021,Breast,NA,NA
173,15:00:35 08-15-2021,15:05:35 08-15-2021,Breast,NA,NA
172,14:20:23 08-15-2021,14:30:23 08-15-2021,Breast,NA,NA
171,11:48:02 08-15-2021,12:02:38 08-15-2021,Breast,NA,NA
170,11:13:23 08-15-2021,11:26:12 08-15-2021,Breast,NA,NA
167,09:25:26 08-15-2021,09:30:26 08-15-2021,Breast,NA,NA
166,09:10:16 08-15-2021,09:20:16 08-15-2021,Breast,NA,NA
165,08:52:38 08-15-2021,08:57:37 08-15-2021,Breast,NA,NA
164,08:39:54 08-15-2021,08:48:17 08-15-2021,Breast,NA,NA
163,08:28:24 08-15-2021,08:32:45 08-15-2021,Breast,NA,NA
162,05:10:51 08-15-2021,05:16:27 08-15-2021,Breast,NA,NA
161,04:53:13 08-15-2021,05:00:47 08-15-2021,Breast,NA,NA
160,04:37:59 08-15-2021,04:52:56 08-15-2021,Breast,NA,NA
159,01:40:49 08-15-2021,01:54:08 08-15-2021,Breast,NA,NA
158,01:13:33 08-15-2021,01:30:04 08-15-2021,Breast,NA,NA
169,22:44:24 08-14-2021,22:47:15 08-14-2021,Bottle,1,29
168,22:35:20 08-14-2021,22:37:29 08-14-2021,Bottle,1,29
157,21:59:50 08-14-2021,22:06:56 08-14-2021,Bottle,1.5,44
156,21:37:16 08-14-2021,21:48:25 08-14-2021,Breast,NA,NA
155,21:16:14 08-14-2021,21:28:09 08-14-2021,Breast,NA,NA
153,19:25:08 08-14-2021,19:30:27 08-14-2021,Breast,NA,NA
152,18:22:59 08-14-2021,18:27:53 08-14-2021,Breast,NA,NA
154,17:30:55 08-14-2021,17:35:55 08-14-2021,Bottle,1,29
151,15:47:03 08-14-2021,15:56:45 08-14-2021,Breast,NA,NA
150,15:18:35 08-14-2021,15:29:31 08-14-2021,Breast,NA,NA
149,15:02:20 08-14-2021,15:10:00 08-14-2021,Breast,NA,NA
148,13:11:16 08-14-2021,13:17:53 08-14-2021,Breast,NA,NA
147,12:58:58 08-14-2021,13:07:58 08-14-2021,Breast,NA,NA
146,11:59:49 08-14-2021,12:10:34 08-14-2021,Breast,NA,NA
145,11:25:43 08-14-2021,11:34:49 08-14-2021,Breast,NA,NA
144,11:07:33 08-14-2021,11:10:35 08-14-2021,Breast,NA,NA
143,10:47:48 08-14-2021,10:52:06 08-14-2021,Breast,NA,NA
142,09:02:08 08-14-2021,09:16:11 08-14-2021,Breast,NA,NA
141,07:56:04 08-14-2021,08:05:04 08-14-2021,Breast,NA,NA
140,07:48:31 08-14-2021,07:54:35 08-14-2021,Breast,NA,NA
139,06:01:57 08-14-2021,06:08:52 08-14-2021,Breast,NA,NA
138,05:25:59 08-14-2021,05:38:05 08-14-2021,Breast,NA,NA
137,02:18:25 08-14-2021,02:21:59 08-14-2021,Breast,NA,NA
136,01:53:53 08-14-2021,01:58:31 08-14-2021,Breast,NA,NA
135,01:39:33 08-14-2021,01:44:54 08-14-2021,Breast,NA,NA
134,21:55:42 08-13-2021,22:00:51 08-13-2021,Breast,NA,NA
133,21:45:08 08-13-2021,21:52:32 08-13-2021,Breast,NA,NA
132,20:56:30 08-13-2021,21:00:19 08-13-2021,Breast,NA,NA
131,20:19:40 08-13-2021,20:24:20 08-13-2021,Breast,NA,NA
130,20:00:59 08-13-2021,20:19:39 08-13-2021,Breast,NA,NA
129,17:06:25 08-13-2021,17:11:51 08-13-2021,Breast,NA,NA
128,16:55:49 08-13-2021,17:02:58 08-13-2021,Breast,NA,NA
127,16:19:19 08-13-2021,16:26:02 08-13-2021,Breast,NA,NA
126,16:01:11 08-13-2021,16:19:17 08-13-2021,Breast,NA,NA
125,13:50:42 08-13-2021,14:05:50 08-13-2021,Breast,NA,NA
124,13:11:44 08-13-2021,13:25:30 08-13-2021,Breast,NA,NA
123,12:47:27 08-13-2021,12:59:31 08-13-2021,Breast,NA,NA
122,10:40:41 08-13-2021,10:50:41 08-13-2021,Breast,NA,NA
121,09:55:27 08-13-2021,10:04:27 08-13-2021,Bottle,1,29
120,09:55:18 08-13-2021,10:00:18 08-13-2021,Breast,NA,NA
119,09:35:11 08-13-2021,09:43:38 08-13-2021,Breast,NA,NA
118,07:07:15 08-13-2021,07:13:34 08-13-2021,Breast,NA,NA
117,04:29:03 08-13-2021,04:36:02 08-13-2021,Breast,NA,NA
116,04:08:33 08-13-2021,04:23:39 08-13-2021,Breast,NA,NA
115,00:05:46 08-13-2021,00:15:46 08-13-2021,Bottle,1,29
114,23:13:07 08-12-2021,23:26:05 08-12-2021,Breast,NA,NA
113,22:45:56 08-12-2021,23:02:57 08-12-2021,Breast,NA,NA
112,19:44:54 08-12-2021,19:55:14 08-12-2021,Bottle,1,29
111,19:06:02 08-12-2021,19:16:09 08-12-2021,Breast,NA,NA
110,18:42:14 08-12-2021,18:55:31 08-12-2021,Breast,NA,NA
109,15:50:44 08-12-2021,16:00:45 08-12-2021,Breast,NA,NA
108,15:09:30 08-12-2021,15:19:42 08-12-2021,Breast,NA,NA
107,14:23:44 08-12-2021,14:30:51 08-12-2021,Breast,NA,NA
106,14:06:35 08-12-2021,14:10:57 08-12-2021,Breast,NA,NA
105,13:37:11 08-12-2021,13:56:59 08-12-2021,Breast,NA,NA
104,11:40:50 08-12-2021,11:55:50 08-12-2021,Breast,NA,NA
103,10:43:30 08-12-2021,10:57:33 08-12-2021,Breast,NA,NA
102,07:45:16 08-12-2021,07:51:56 08-12-2021,Breast,NA,NA
101,04:36:23 08-12-2021,04:49:21 08-12-2021,Breast,NA,NA
100,02:46:00 08-12-2021,03:00:39 08-12-2021,Breast,NA,NA
99,02:25:49 08-12-2021,02:32:29 08-12-2021,Breast,NA,NA
98,02:04:02 08-12-2021,02:09:05 08-12-2021,Breast,NA,NA
97,23:50:39 08-11-2021,23:58:26 08-11-2021,Breast,NA,NA
95,23:20:22 08-11-2021,23:29:22 08-11-2021,Bottle,1.51,44
96,23:10:10 08-11-2021,23:15:10 08-11-2021,Breast,NA,NA
94,21:54:41 08-11-2021,22:03:36 08-11-2021,Breast,NA,NA
93,21:37:35 08-11-2021,21:47:15 08-11-2021,Breast,NA,NA
92,19:50:56 08-11-2021,20:00:41 08-11-2021,Bottle,0.5,14
91,19:34:00 08-11-2021,19:41:51 08-11-2021,Breast,NA,NA
90,19:08:39 08-11-2021,19:23:45 08-11-2021,Breast,NA,NA
89,18:49:24 08-11-2021,18:59:10 08-11-2021,Breast,NA,NA
88,16:16:47 08-11-2021,16:20:19 08-11-2021,Breast,NA,NA
87,16:02:19 08-11-2021,16:11:19 08-11-2021,Breast,NA,NA
86,13:26:16 08-11-2021,13:45:16 08-11-2021,Bottle,1,29
85,13:12:04 08-11-2021,13:25:29 08-11-2021,Breast,NA,NA
84,12:54:51 08-11-2021,13:03:50 08-11-2021,Breast,NA,NA
83,10:36:25 08-11-2021,10:41:19 08-11-2021,Breast,NA,NA
82,08:55:16 08-11-2021,09:15:16 08-11-2021,Bottle,1,29
81,08:47:18 08-11-2021,08:51:43 08-11-2021,Breast,NA,NA
80,08:27:02 08-11-2021,08:36:58 08-11-2021,Breast,NA,NA
79,07:41:13 08-11-2021,07:53:02 08-11-2021,Breast,NA,NA
78,07:31:27 08-11-2021,07:36:07 08-11-2021,Breast,NA,NA
77,05:00:45 08-11-2021,05:12:47 08-11-2021,Bottle,1,29
76,04:55:16 08-11-2021,05:00:41 08-11-2021,Breast,NA,NA
75,04:40:18 08-11-2021,04:53:29 08-11-2021,Breast,NA,NA
74,04:32:38 08-11-2021,04:37:52 08-11-2021,Breast,NA,NA
73,01:19:17 08-11-2021,01:25:16 08-11-2021,Breast,NA,NA
72,01:06:28 08-11-2021,01:12:05 08-11-2021,Breast,NA,NA
71,00:22:23 08-11-2021,00:32:31 08-11-2021,Breast,NA,NA
70,00:05:42 08-11-2021,00:15:47 08-11-2021,Breast,NA,NA
69,21:12:14 08-10-2021,21:38:21 08-10-2021,Breast,NA,NA
68,20:57:00 08-10-2021,21:05:23 08-10-2021,Breast,NA,NA
67,19:27:19 08-10-2021,19:48:08 08-10-2021,Breast,NA,NA
66,16:33:43 08-10-2021,16:53:47 08-10-2021,Breast,NA,NA
65,15:06:26 08-10-2021,15:15:28 08-10-2021,Breast,NA,NA
64,13:55:09 08-10-2021,14:00:09 08-10-2021,Breast,NA,NA
63,13:35:52 08-10-2021,13:45:52 08-10-2021,Breast,NA,NA
62,12:57:35 08-10-2021,13:04:20 08-10-2021,Breast,NA,NA
61,11:35:28 08-10-2021,11:52:09 08-10-2021,Breast,NA,NA
60,11:20:04 08-10-2021,11:29:14 08-10-2021,Breast,NA,NA
59,10:05:48 08-10-2021,10:14:48 08-10-2021,Bottle,1,29
58,09:35:05 08-10-2021,10:24:28 08-10-2021,Breast,NA,NA
57,09:19:26 08-10-2021,09:30:04 08-10-2021,Breast,NA,NA
56,07:44:56 08-10-2021,07:55:00 08-10-2021,Breast,NA,NA
55,07:21:23 08-10-2021,07:26:51 08-10-2021,Breast,NA,NA
54,07:08:28 08-10-2021,07:18:41 08-10-2021,Breast,NA,NA
53,05:06:51 08-10-2021,05:14:04 08-10-2021,Bottle,0.25,7
52,04:06:31 08-10-2021,04:17:13 08-10-2021,Breast,NA,NA
51,03:40:12 08-10-2021,03:52:13 08-10-2021,Breast,NA,NA
48,23:15:10 08-09-2021,23:30:10 08-09-2021,Bottle,1,29
49,23:00:44 08-09-2021,23:07:44 08-09-2021,Breast,NA,NA
50,22:52:18 08-09-2021,23:00:18 08-09-2021,Breast,NA,NA
47,20:25:53 08-09-2021,20:32:53 08-09-2021,Breast,NA,NA
46,20:09:19 08-09-2021,20:35:27 08-09-2021,Breast,NA,NA
45,17:33:58 08-09-2021,17:44:07 08-09-2021,Bottle,1,29
44,17:05:40 08-09-2021,17:10:40 08-09-2021,Breast,NA,NA
43,16:55:41 08-09-2021,17:05:58 08-09-2021,Breast,NA,NA
42,12:30:08 08-09-2021,13:45:24 08-09-2021,Bottle,1.5,44
41,12:02:22 08-09-2021,12:08:28 08-09-2021,Breast,NA,NA
40,11:47:37 08-09-2021,11:56:34 08-09-2021,Breast,NA,NA
39,10:15:45 08-09-2021,10:39:02 08-09-2021,Breast,NA,NA
38,09:14:14 08-09-2021,09:29:05 08-09-2021,Breast,NA,NA
37,08:43:38 08-09-2021,08:52:59 08-09-2021,Breast,NA,NA
36,08:04:02 08-09-2021,08:19:09 08-09-2021,Breast,NA,NA
35,05:55:18 08-09-2021,06:05:18 08-09-2021,Breast,NA,NA
34,05:34:41 08-09-2021,07:25:13 08-09-2021,Breast,NA,NA
32,04:26:55 08-09-2021,04:32:55 08-09-2021,Breast,NA,NA
33,01:10:26 08-09-2021,02:00:26 08-09-2021,Breast,NA,NA
31,00:33:59 08-09-2021,00:45:47 08-09-2021,Breast,NA,NA
30,00:11:07 08-09-2021,00:21:22 08-09-2021,Breast,NA,NA
29,23:03:20 08-08-2021,23:41:59 08-08-2021,Breast,NA,NA
28,22:10:06 08-08-2021,22:21:17 08-08-2021,Breast,NA,NA
27,21:38:31 08-08-2021,21:49:39 08-08-2021,Breast,NA,NA
26,19:31:07 08-08-2021,19:31:11 08-08-2021,Bottle,0.03,1
25,18:51:52 08-08-2021,19:03:28 08-08-2021,Breast,NA,NA
24,18:36:16 08-08-2021,18:45:11 08-08-2021,Breast,NA,NA
23,17:53:11 08-08-2021,18:01:38 08-08-2021,Breast,NA,NA
22,15:10:04 08-08-2021,15:20:06 08-08-2021,Breast,NA,NA
21,14:35:14 08-08-2021,14:41:19 08-08-2021,Breast,NA,NA
20,13:38:45 08-08-2021,13:46:46 08-08-2021,Breast,NA,NA
19,13:30:14 08-08-2021,13:35:49 08-08-2021,Breast,NA,NA
18,13:26:34 08-08-2021,13:30:07 08-08-2021,Breast,NA,NA
17,11:50:41 08-08-2021,11:57:06 08-08-2021,Breast,NA,NA
16,10:13:28 08-08-2021,10:19:28 08-08-2021,Breast,NA,NA
15,09:43:20 08-08-2021,09:52:52 08-08-2021,Breast,NA,NA
14,09:05:49 08-08-2021,09:12:58 08-08-2021,Breast,NA,NA
13,08:34:31 08-08-2021,08:46:41 08-08-2021,Breast,NA,NA
12,03:20:38 08-08-2021,03:28:09 08-08-2021,Breast,NA,NA
11,02:33:17 08-08-2021,02:38:23 08-08-2021,Breast,NA,NA
10,02:19:09 08-08-2021,02:23:30 08-08-2021,Breast,NA,NA
9,02:08:51 08-08-2021,02:19:08 08-08-2021,Breast,NA,NA
8,00:59:20 08-08-2021,01:06:02 08-08-2021,Breast,NA,NA
7,00:21:48 08-08-2021,00:30:40 08-08-2021,Breast,NA,NA
6,23:58:44 08-07-2021,00:10:45 08-08-2021,Breast,NA,NA
5,20:47:45 08-07-2021,20:59:59 08-07-2021,Breast,NA,NA
4,18:01:35 08-07-2021,18:10:10 08-07-2021,Breast,NA,NA
3,17:35:01 08-07-2021,17:45:25 08-07-2021,Breast,NA,NA
2,17:14:05 08-07-2021,17:21:09 08-07-2021,Breast,NA,NA
1,16:04:01 08-07-2021,16:14:02 08-07-2021,Breast,NA,NA
